PSQLBI1V2LUN01	04:27:36	691.63M
SEN3HOST7LUN1	12:01:31	468.92M
SEN3HOST7LUN1	04:02:36	344.68M
SEN3HOST7LUN1	04:02:06	312.34M
AUDITIQPRDLZLUN03	17:57:36	298.82M
AUDITIQPRDLZLUN03	17:37:36	292.24M
AUDITIQPRDLZLUN03	17:27:36	291.23M
SEN3HOST10	02:07:06	287.88M
AUDITIQPRDLZLUN03	17:02:36	287.20M
AUDITIQPRDLZLUN03	17:52:36	286.99M
PSQLGTACT1LUN01	11:41:31	268.48M
SRMPIDBPRDLUN03	20:07:06	248.01M
SRMPIDBPRDLUN03	20:02:36	239.06M
SEN3HOST10	02:02:36	228.09M
SRMAPPRDLZ1LUN03	19:57:36	219.52M
SEN3HOST10	02:02:06	215.67M
SRMPIDBPRDLUN03	20:12:06	215.39M
SRMAPPRDLZ1LUN03	19:47:36	207.98M
PSQLBI1V2LUN01	04:22:06	206.25M
SRMAPPRDLZ1LUN03	19:57:06	203.27M
PPPROPHLUN01	17:12:36	199.50M
SRMAPPRDLZ1LUN03	19:52:36	198.79M
SEN3HOST6LUN1	18:32:06	196.35M
SRMPIDBPRDLUN03	20:07:36	188.79M
SRMAPPRDLZ1LUN03	19:52:06	188.36M
PPPROPHLUN01	17:12:06	185.94M
PDMZCL1LUN2	22:02:06	172.72M
SEN3HOST10	02:07:36	171.25M
PSQLBI1V2LUN01	04:27:06	161.09M
SRMPIDBPRDLUN03	20:12:36	156.71M
PPPROPHLUN01	17:17:06	136.27M
PPPROPHLUN01	17:42:36	136.25M
PPPROPHLUN01	12:07:01	135.65M
SEN3HOST6LUN1	18:02:06	131.44M
PSQLBI1V2LUN03	10:06:31	128.08M
PSQLBI1V2LUN03	09:22:01	122.10M
PSQLBI1V2LUN03	07:16:31	121.85M
PSQLBI1V2LUN01	04:32:36	115.97M
PSQLBI1V2LUN03	10:01:31	112.14M
PSQLGDKF1LUN03	11:07:01	111.15M
PSQLBI1V2LUN03	09:57:01	108.55M
SEN3HOST7LUN1	02:02:06	98.16M
SEN3HOST6LUN1	19:17:06	96.97M
PSQLBI1V2LUN01	15:32:36	95.90M
SEN3HOST7LUN1	02:07:36	91.22M
PSQLGDKF1LUN03	11:06:31	89.47M
TGSANDAMLLS1LUN01	10:22:01	88.16M
PSQLGTACT1LUN02	11:56:31	80.90M
SEN3HOST11	19:02:06	77.69M
PSQLGTACT1LUN01	11:56:31	76.34M
WLSCDEVLUN05	05:17:36	73.93M
WLSCDEVLUN06	05:17:36	73.35M
PSQLGTACT1LUN02	11:51:31	72.29M
SEN3HOST11	02:02:06	71.74M
PSQLGTACT1LUN01	11:51:31	70.25M
WLSCDEVLUN05	05:22:36	70.05M
WLSCDEVLUN06	05:22:36	69.45M
WLSCDEVLUN05	00:32:36	68.52M
SEN3HOST10	02:12:06	67.19M
SEN3HOST3LUN01	11:51:31	66.61M
PSQLGTACT1LUN02	11:46:31	65.84M
WLSCDEVLUN06	00:32:36	65.49M
WLSCDEVLUN06	23:47:36	64.66M
PSQLGTACT1LUN01	11:46:31	64.06M
WLSCDEVLUN05	00:52:36	63.96M
WLSCDEVLUN06	00:52:36	63.91M
WLSCDEVLUN05	20:27:36	63.35M
PSQLBI1V2LUN02	05:32:36	62.16M
TSQLGIANT3LUN01	21:57:36	61.08M
PSQLGTACT1LUN02	11:52:01	55.60M
SGRCPRDGLUN03	20:27:36	55.52M
TSQLGIANT3LUN01	21:42:36	55.23M
TSQLGIANT3LUN01	21:42:06	54.52M
SGRCPRDGLUN03	20:27:06	54.42M
PSQLGTACT1LUN01	11:52:01	53.88M
SGRCPRDGLUN03	20:22:36	53.52M
TSQLGIANT3LUN01	22:27:36	50.55M
TSQLGIANT3LUN01	22:02:06	49.59M
PSQLGTACT1LUN02	11:42:01	48.53M
SEN1HOST11LUN01	12:42:01	42.43M
PSQLBI1V2LUN02	02:42:36	42.32M
SEN3HOST3LUN01	23:02:06	41.91M
SEN1HOST11LUN01	12:12:01	41.76M
SEN1HOST11LUN01	13:31:31	41.73M
SEN1HOST11LUN01	13:16:31	41.70M
SEN1HOST11LUN01	11:52:01	41.55M
DSQLGIANT3LUN01	11:02:01	41.38M
TGSANDAMLLS1LUN01	10:16:31	41.25M
PSQLBI1V2LUN02	15:42:36	39.58M
WLSCPRDLZLUN01	21:12:06	39.13M
PSQLGEKF1LUN03	20:52:36	38.09M
PSQLGEKF1LUN03	21:02:36	38.07M
PSQLGEKF1LUN03	21:22:36	38.03M
PSQLGEKF1LUN03	21:32:36	38.01M
PSQLGEKF1LUN03	21:47:36	37.98M
PSQLGEKF1LUN01	11:01:31	37.26M
SRMAPPRDLZ1LUN04	19:47:06	37.04M
DSQLGIANT3LUN01	11:01:31	36.23M
PSQLBI1V2LUN02	15:07:36	36.15M
PSQLBI1V2LUN02	05:37:06	36.10M
DSQLSHARED1LUN01	10:31:31	35.72M
WLSDPRDGZ2LUN05	21:17:06	32.96M
SEN3HOST6LUN1	18:47:36	31.88M
PDMZCL1LUN1	03:07:36	31.63M
TGSANDAMLLS1LUN01	10:21:31	31.10M
OASPRODLUN05	21:12:36	30.23M
WLSIPRDGZLUN01	21:17:06	30.19M
WLSCPRDLZLUN01	21:12:36	29.94M
WLSDPRDGZ2LUN05	21:17:36	29.89M
SEN3HOST4LUN01	02:07:36	29.66M
SEN3HOST09	06:17:01	29.08M
DSQLGIANT3LUN01	11:06:31	28.97M
PSQLFULLV1LUN01	06:11:31	28.81M
DB2SRSPRDLUN01	03:02:36	27.94M
PSQLFULLV1ALUN1	06:11:31	27.92M
WASSRSPRDZFSLUN01SSSNP-prdlz2	06:12:01	27.47M
SEN3HOST11	09:22:01	27.21M
WASSBPRDLZ1LUN04	06:26:31	27.04M
WLSDPRDGZ2LUN05	21:12:36	26.87M
SEN3HOST09	12:17:01	25.44M
PSQLCPR2LUN03	16:02:36	24.85M
PSQLCPR2LUN03	10:47:01	24.85M
PSQLFULLV1ALUN1	05:52:36	24.36M
PSQLFULLV1ALUN1	13:06:01	24.12M
PSQLGEKF1LUN02	11:01:31	23.72M
PSQLFULLV1LUN01	13:06:01	23.60M
SGRCPRDGLUN03	20:22:06	23.40M
SEN3HOST3LUN01	02:02:06	23.39M
WLSCTPRDLUN01	21:12:36	23.17M
SEN3HOST4LUN01	01:57:36	22.91M
PSQLFULLV1LUN01	05:52:36	22.44M
PSQLFULLV1ALUN1	05:57:36	22.40M
SEN3HOST6LUN1	18:42:06	22.37M
PSQLFULLV1LUN01	05:57:36	22.36M
PSQLFULLV1ALUN1	13:06:31	22.29M
PSQLFULLV1LUN01	13:06:31	22.26M
SEN3HOST11	10:07:01	21.93M
PDMZCL1LUN2	06:11:31	21.63M
SEN3HOST11	06:11:31	21.31M
PDMZCL1LUN1	03:02:36	21.28M
SEN3HOST4LUN01	06:11:31	20.54M
WLSDPRDGZ2LUN05	21:22:06	20.27M
PPROPHHLUN01	11:52:01	20.20M
PDMZCL1LUN1	06:11:31	20.02M
OASPRODLUN05	21:17:06	19.87M
SEN1HOST10LUN01	03:07:36	19.36M
SEN1HOST10LUN01	03:12:36	19.16M
PDMZCL1LUN1	03:07:06	19.09M
SEN3HOST09	06:21:31	18.88M
CALPRELZ1LUN01	15:12:36	18.84M
CALPRDLZ1LUN03	15:12:36	18.84M
PPROPHHLUN01	12:21:31	18.62M
SEN1HOST9LUN01	16:07:36	18.61M
UNIVERSELUN01	23:37:36	18.57M
WLSCTPRDLUN01	21:12:06	18.52M
OASPRODLUN05	21:12:06	18.52M
WASSRSLUN01	07:22:01	18.20M
CMPCUPRDLUN001	07:22:01	18.20M
SEN3HOST3LUN01	06:11:31	18.08M
UNIVERSELUN01	22:22:36	17.93M
SEN3HOST09	10:31:31	17.91M
SEN3HOST09	06:16:31	17.90M
SEN3HOST4LUN01	02:02:36	17.24M
SEN3HOST4LUN01	02:02:06	16.91M
DB2SRSPRDLUN01	03:07:06	16.84M
WASSRSPRDZFSLUN01	23:02:36	16.53M
SEN1HOST9LUN01	06:11:31	16.40M
WASSBPRDLZ1LUN04	18:02:36	15.94M
PSQLOAL5LUN01	19:02:06	15.79M
DB2SRSPRDLUN01	03:02:06	15.66M
WASSBPRDLZ1LUN03	07:27:01	15.64M
SBLCL3LUN03	10:52:01	15.59M
UNIVERSELUN01	22:32:36	15.32M
SEN1HOST9LUN01	11:51:31	14.94M
UNIVERSELUN01	22:42:36	14.74M
SBLCL3LUN03	06:07:01	14.50M
DGIANT4LUN001	06:07:01	14.37M
WLSDPRDGZ2LUN05	21:12:06	14.04M
DSQLGTACT1LUN01	11:06:31	14.02M
DSQLGIANT3LUN01	11:17:01	14.02M
UNIVERSELUN01	02:17:36	13.69M
SEN3HOST8LUN1	06:07:01	13.57M
SEN1HOST12LUN01	06:11:31	13.44M
WASSRSPRDZFSLUN01	03:02:36	13.03M
WASSBPRDLZ1LUN03	12:16:31	12.92M
SEN1HOST9LUN01	06:07:01	12.90M
DSQLGTACT1LUN01	11:07:01	12.86M
WLSCTDEVPLZ2LUN03	12:17:01	12.78M
SEN1HOST10LUN01	06:11:31	12.73M
WASSRSPRDZFSLUN01	23:07:06	12.66M
PPROPHHLUN01	11:47:01	12.65M
WLSCTDEVPLZ2LUN03	13:46:31	12.51M
SEN3HOST1LUN01	06:11:31	12.51M
SBLCL3LUN04	06:07:01	12.45M
WASSRSPRDZFSLUN01	23:02:06	12.39M
PPROPHHLUN01	12:17:01	12.23M
SEN1HOST10LUN01	06:07:01	11.98M
SEN3HOST5LUN1	06:07:01	11.77M
SEN3HOST1LUN01	06:07:01	11.76M
SEN3HOST13	02:02:36	11.72M
MIDWGZ1LUN03	15:17:36	11.71M
WASSBPRDLZ1LUN03	10:51:31	11.56M
WASSBPRDLZ1LUN03	10:52:01	11.37M
PPROPHHLUN01	12:26:31	11.36M
PDMZCL1LUN2	06:07:01	11.31M
WASSBPRDLZ1LUN03	10:46:31	11.25M
PSQLCPR2LUN03	07:06:31	11.09M
PSQLCPR2LUN03	08:56:31	11.05M
PSQLCPR2LUN03	09:52:01	11.04M
SEN1HOST12LUN01	06:07:01	10.88M
CALPRDLZ1LUN03	15:42:36	10.59M
CALPRELZ1LUN01	15:42:36	10.58M
WASSRSPRDZFSLUN01SSSNP-prdlz2	06:16:31	10.55M
PDMZCL1LUN1	23:57:06	10.43M
SBLCL3LUN04	06:11:31	10.32M
DSQLSHARED1LUN01	15:22:36	10.09M
SBLCL3LUN02	06:07:01	10.01M
SEN3HOST5LUN1	06:11:31	9.88M
MIDWGZ1LUN03	13:51:31	9.83M
SEN3HOST3LUN01	06:07:01	9.82M
DB2SRSPRDLUN01	00:07:36	9.81M
DB2SRSPRDLUN01SSSNP-prdlz2	06:17:01	9.80M
SEN1HOST10LUN01	03:02:06	9.76M
SEN3HOST12	06:07:01	9.60M
SLMPRDGZLUN04	00:57:36	9.36M
MIDWGZ1LUN03	14:32:36	9.29M
SBLCL3LUN03	10:56:31	9.22M
SEN3HOST8LUN1	06:11:31	9.02M
DSQLGIANT3LUN01	11:22:01	8.93M
WASSBPRDLZ1LUN04	07:06:31	8.74M
WLSIDEVLUN02	22:12:36	8.67M
SLMPRDGZLUN04	15:27:36	8.49M
WASSRSPRDZFSLUN01	03:07:06	8.48M
MIDWGZ1LUN03	10:27:01	8.46M
MIDWGZ1LUN03	00:07:36	8.46M
SEN3HOST13	02:02:06	8.42M
SLMPRDGZLUN04	03:12:36	8.40M
DB2SRSPRDLUN01	04:42:36	8.30M
SEN1HOST9LUN01	11:52:01	8.12M
TSQLFULLV1LUN01	09:47:01	8.07M
SGRCPRDGLUN03	20:32:06	8.02M
DB2SRSPRDLUN01SSSNP-prdlz2	06:16:31	7.92M
TGSANDAMLLS1LUN01	10:26:31	7.91M
DSQLGDQFK1LUN01	10:11:31	7.87M
DSQLGDQFK1LUN01	15:42:06	7.85M
DSQLGDQFK1LUN01	11:36:31	7.83M
DSQLGDQFK1LUN01	11:26:31	7.76M
DSQLGDQFK1LUN01	13:21:01	7.75M
SEN3HOST2LUN01	06:07:01	7.71M
SLMPRDGZLUN04	04:42:36	7.64M
SBLCL3LUN03	06:11:31	7.62M
SLMPRDGZLUN04	15:57:36	7.53M
WLSCPRDLZLUN01	21:17:06	7.42M
AUDITIQPRDZFSLUN02	00:02:06	7.25M
AUDITIQPRDZFSLUN01	00:02:06	7.25M
SEN3HOST12	06:11:31	6.97M
PSQLCPR2LUN04	16:02:36	6.67M
CALOPTLZ2LUN001	09:32:01	6.57M
PSQLCPR2LUN04	10:47:01	6.56M
DB2SRSPRDLUN01SSSNP-prdlz2	06:12:01	6.55M
CALOPTLZ2LUN001	11:27:01	6.53M
WASSRSPRDLUN03	23:02:36	6.49M
SBLCL3LUN01	06:02:26	6.46M
WASSRSLUN01	07:26:31	6.42M
CMPCUPRDLUN001	07:26:31	6.42M
SBLCL3LUN03	10:51:31	6.38M
PSQLBIOLD2LUN01	23:27:06	6.34M
WASSRSPRDLUN03	23:07:06	6.31M
SBLCL3LUN01	06:07:01	6.30M
TGSANDAMLLS1LUN01	16:52:36	6.25M
SEN3HOST13	06:07:01	6.25M
CMPCTUDCLUN01	05:02:36	6.18M
CALGZ2LUN002	05:02:36	6.18M
SEN3HOST13	14:27:36	6.13M
CALOPTLZ2LUN001	11:26:31	6.10M
TSQLFULLV1LUN01	13:01:31	6.08M
CALPRELZ1LUN01	15:02:36	6.03M
CALPRDLZ1LUN03	15:02:36	6.03M
WASSRSPRDZFSLUN01SSSNP-prdlz2	06:57:01	5.98M
WASSRSPRDZFSLUN01SSSNP-prdlz2	06:17:01	5.86M
WASSRSPRDZFSLUN01SSSNP-prdlz2	06:11:31	5.81M
CALOPTLZ2LUN001	12:16:31	5.78M
WLSCTDEVPLZ2LUN03	13:26:01	5.76M
CALPRELZ1LUN01	14:32:36	5.60M
CALPRDLZ1LUN03	14:32:36	5.60M
PSQLBIOLD2LUN01	21:02:06	5.53M
CMPCTUDCLUN01	05:07:06	5.48M
CALGZ2LUN002	05:07:06	5.48M
DGIANT4LUN001	06:02:26	5.47M
WLSCTDEVPLZ2LUN03	12:26:31	5.44M
WASSRSPRDLUN03	23:02:06	5.38M
SEN3HOST8LUN1	18:12:36	5.33M
PSQLOAL3LUN1	19:02:06	5.33M
SEN3HOST13	16:42:06	5.20M
DSQLSHARED1LUN01	14:47:06	5.19M
TSQLFULLV1LUN01	13:06:01	5.17M
SEN3HOST8LUN1	02:42:36	5.17M
WASSRSPRDZFSLUN02	01:52:36	5.11M
SEN3HOST8LUN1	23:02:36	5.08M
SEN3HOST15	06:07:01	5.03M
PSQLBIOLD2LUN01	13:16:01	5.02M
DSQLSHARED1LUN01	15:27:06	4.92M
SBLCL3LUN02	06:02:26	4.90M
PSQLCPR2LUN05	16:17:36	4.81M
CTRLMEMPRDLZ1LUN03	09:02:01	4.80M
CMPCTUDCLUN01	05:07:36	4.79M
CALGZ2LUN002	05:07:36	4.79M
SEN3HOST15	06:02:26	4.78M
TQVHOST1LUN01	06:02:26	4.66M
WLSCTDEVPLZ2LUN03	13:46:01	4.64M
WASSRSLUN01	00:07:06	4.62M
CMPCUPRDLUN001	00:07:06	4.62M
TSQLFULLV1LUN01	09:51:31	4.60M
WASSRSPRDZFSLUN02	04:17:36	4.55M
CALPRELZ1LUN01	09:12:01	4.54M
CALPRDLZ1LUN03	09:12:01	4.52M
WASSRSPRDZFSLUN02	02:52:36	4.46M
WASSRSPRDZFSLUN02	04:37:36	4.43M
WASSRSPRDZFSLUN02	03:52:36	4.43M
SEN3HOST14	06:02:26	4.43M
WMBQALZ1LUN1	15:02:36	4.38M
WMBQALZ1LUN1	22:12:36	4.34M
WMBQALZ1LUN1	11:27:01	4.33M
SBLCL3LUN04	06:02:26	4.33M
WMBQALZ1LUN1	11:12:01	4.30M
WMBQALZ1LUN1	06:17:01	4.30M
DPROPHHLUN01	06:02:26	4.30M
DSQLDFS3LUN01	17:42:36	4.29M
DSQLSHARED1LUN01	14:47:36	4.24M
PDMZCL1LUN2	09:42:01	4.21M
OASCPRDLZLUN002	05:07:06	4.19M
OASCPRDLZLUN001	05:07:06	4.17M
SEN3HOST2LUN01	14:57:36	4.16M
SEN3HOST16	06:07:01	4.12M
REMWEB1LUN03	22:42:06	4.05M
CTRLMEMPRDLZ1LUN03	17:17:36	4.02M
OASCPRDLZLUN002	05:12:06	3.93M
OASCPRDLZLUN001	05:12:06	3.92M
SEN3HOST2LUN01	15:37:36	3.91M
SEN3HOST5LUN1	06:02:26	3.87M
SEN3HOST1LUN01	06:02:26	3.86M
CALOPTLZ2LUN001	09:31:31	3.86M
OASCPRDLZLUN001	05:07:36	3.85M
SEN3HOST2LUN01	14:37:36	3.84M
WASSRSPRDZFSLUN02SSSNP-prdlz2	06:51:31	3.80M
SEN3HOST12	06:02:26	3.80M
SEN3HOST2LUN01	06:47:01	3.78M
SEN3HOST16	06:02:26	3.78M
REMWEB1LUN03	22:42:36	3.77M
WASSB247LUN06	03:12:06	3.75M
WASSB247LUN05	03:12:06	3.75M
MIDWGZ1OSLUN02	05:02:36	3.75M
MIDWGZ1OSLUN01	05:02:36	3.75M
WASSRSPRDLUN03	05:57:36	3.74M
OASCPRDLZLUN002	05:07:36	3.67M
SEN1HOST12LUN01	06:27:01	3.66M
WLSCPRDLZLUN01	04:17:36	3.64M
SBLCL3LUN02	06:12:01	3.61M
WLSDPRDGZ2LUN02	13:46:31	3.58M
WLSDPRDGZ2LUN01	13:46:31	3.58M
SBLCL3LUN02	11:01:31	3.55M
SEN3HOST1LUN01	15:02:36	3.47M
WASSRSPRDLUN03	05:57:06	3.46M
SEN3HOST14	06:07:01	3.45M
PDMZCL1LUN2	00:22:36	3.42M
OASCPRDLZLUN001	05:02:36	3.41M
SBLCL3LUN04	08:37:01	3.38M
OASPRODLUN05	21:17:36	3.32M
OASCPRDLZLUN002	05:02:36	3.31M
WASSRSQALZ2LUN03	05:07:36	3.29M
TSQLSPINTLUN01	18:02:36	3.29M
DB2SRSPRDLUN01SSSNP-prdlz2	05:52:06	3.27M
SBLCL3LUN01	10:56:31	3.19M
REMWEB1LUN03	22:57:36	3.19M
WLSCPRDLZLUN01	04:37:06	3.17M
REMWEB1LUN03	22:57:06	3.17M
TSQLFULLV1LUN01	10:01:31	3.14M
PSQLGEKF1LUN01	10:51:31	3.14M
TSQLSPINTLUN01	00:02:06	3.13M
WASSRSLUN01	00:57:36	3.10M
CMPCUPRDLUN001	00:57:36	3.10M
PSQLCPR2LUN04	09:52:01	3.04M
SLMPRDGZLUN03	07:02:01	3.03M
REMWEB1LUN03	23:02:36	3.03M
WASSBPRDLZ1LUN02	05:02:36	3.01M
WASSBPRDLZ1LUN01	05:02:36	3.01M
PSQLCPR2LUN04	08:56:31	2.96M
PSQLOA7LUN001	18:02:36	2.94M
PSQLCPR2LUN04	07:06:31	2.93M
OASPRODLUN01	01:37:36	2.93M
OASPRODLUN02	01:37:36	2.92M
DSQLDFS3LUN01	13:11:31	2.91M
SBLCL3LUN02	06:11:31	2.87M
PSQLOA7LUN001	00:02:06	2.84M
WLSDPRDGZ2LUN02	05:02:36	2.83M
WLSDPRDGZ2LUN01	05:02:36	2.83M
DB2DEVOSLUN02	05:02:36	2.81M
DB2DEVOSLUN01	05:02:36	2.81M
CMPCTUDCLUN01	05:42:06	2.81M
CALGZ2LUN002	05:42:06	2.81M
CALPRDLZ1LUN01	05:02:36	2.79M
SEN1HOST12LUN01	09:06:31	2.77M
DSQLDF50LUN01	14:42:06	2.73M
CMPCTUDCLUN01	05:42:36	2.73M
CALGZ2LUN002	05:42:36	2.73M
REMAPP1PRDLUN02	04:22:36	2.72M
REMAPP1PRDLUN01	04:22:36	2.72M
PSQLGIANT3-4LUN01	20:12:06	2.68M
WLSCTDEVPLZ2LUN02	09:02:01	2.67M
WASSRSLUN01	05:07:36	2.63M
OASPRODLUN02	19:02:36	2.63M
OASPRODLUN01	19:02:36	2.63M
DSQLDFS3LUN01	16:37:36	2.63M
CMPCUPRDLUN001	05:07:36	2.63M
WASSBPRDLZ1LUN04	18:07:06	2.62M
DGIANT4LUN001	10:17:01	2.62M
SEN1HOST12LUN01	06:02:26	2.61M
OASPRODLUN05	21:27:36	2.61M
DSQLDFS3LUN01	17:02:36	2.60M
WLSIDEVLUN02	22:17:36	2.59M
WLSCTPRDLUN01	21:17:36	2.59M
DSQLDFS3LUN01	17:32:36	2.59M
WASSBPRDLZ1LUN01	00:57:36	2.57M
WASSBPRDLZ1LUN02	00:57:36	2.56M
IIBQA1LZ1LUN02	17:12:36	2.53M
TQVHOST1LUN01	06:07:01	2.51M
WLSTQPRDGZ1LUN02	10:22:01	2.50M
WASSBPRDLZ1LUN02	21:52:36	2.50M
WASSBPRDLZ1LUN01	21:52:36	2.50M
SEN3HOST5LUN1	00:02:06	2.48M
CTRLMEMPRDLZ1LUN03	17:17:06	2.48M
REMWEB1LUN02	12:52:01	2.46M
REMWEB1LUN01	12:52:01	2.45M
WASSBPRDLZ1LUN02	15:42:36	2.44M
WASSBPRDLZ1LUN01	15:42:36	2.44M
WLSTQPRDGZ1LUN02	11:27:01	2.43M
WLSTQDEVGZ2LUN01	21:07:36	2.39M
REMAPP1PRDLUN01	09:57:01	2.37M
SEN3HOST1LUN01	16:57:36	2.36M
REMAPP1PRDLUN02	09:57:01	2.36M
DSQLGTACT1LUN01	11:11:31	2.34M
IIBQA1LZ1LUN02	02:32:36	2.33M
WASSRSPRDZFSLUN02SSSNP-qalz3	16:07:36	2.30M
SBLCL3LUN04	08:32:01	2.29M
WLSCTPRDLZLUN01	05:02:36	2.27M
SEN3HOST12	19:02:06	2.25M
DB2SRSPRDLUN01SSSNP-prdlz2	07:26:31	2.25M
WLSCTPRDLZLUN02	05:02:36	2.23M
WLSTQDEVGZ2LUN01	08:07:01	2.22M
UNIVERSELUN01SSSNP-caldevlz1	09:17:01	2.22M
WLSTQDEVGZ2LUN01	00:47:36	2.19M
IIBQA1LZ1LUN02	21:22:36	2.19M
CALDEVLZ1LUN0001	07:56:31	2.18M
IIBQA1LZ1LUN02	22:27:36	2.17M
CALPRDLZ1LUN01	15:07:06	2.15M
DGIANT4LUN001	14:42:36	2.11M
CTRLMEMPRDLZ1LUN03	09:01:31	2.11M
CALGZ1ZLUN02	05:27:06	2.08M
CALGZ1ZLUN01	05:27:06	2.08M
OASCPRDCLZLUN002	05:17:36	2.07M
OASCPRDCLZLUN001	05:17:36	2.07M
CALGZ1ZLUN02	05:22:36	2.07M
CALGZ1ZLUN01	05:22:36	2.07M
OASCPRDCLZLUN002	05:47:06	2.06M
OASCPRDCLZLUN001	05:47:06	2.06M
WMBPRELZ1LUN1	13:56:31	2.05M
WLSDDEVGZ2LUN02	05:07:06	2.04M
WLSDDEVGZ2LUN01	05:07:06	2.04M
DGIANT4LUN001	15:42:36	2.04M
CALPRDLZ1LUN01	14:12:06	2.03M
SBLCL3LUN01	10:51:31	2.02M
PSQLBIOLD2LUN01	08:41:31	2.02M
OASCPRDCLZLUN002	05:42:36	2.02M
OASCPRDCLZLUN001	05:42:36	2.02M
PSQLOA7LUN001	18:17:06	2.01M
OASCPRDCLZLUN002	10:17:01	2.01M
OASCPRDCLZLUN001	10:17:01	2.01M
OASPRODLUN02	00:12:36	2.00M
OASPRODLUN01	00:12:36	1.99M
CALDEVLZ1LUN0001	10:22:01	1.98M
CALPRDLZ1LUN01	15:17:06	1.96M
TSQLSPINTLUN01	18:22:06	1.94M
CTRLMEMPRDLZ1LUN03	16:47:06	1.94M
OASCPRDLZLUN001	04:07:06	1.93M
OASCPRDLZLUN002	04:07:06	1.92M
OASCPRDCLZLUN002	05:37:36	1.90M
OASCPRDCLZLUN001	05:37:36	1.90M
CALPRDLZ1LUN01	16:12:06	1.88M
CALGZ1ZLUN02	05:27:36	1.87M
CALGZ1ZLUN01	05:27:36	1.87M
WASSBPRDLZ1LUN02	05:02:06	1.84M
WASSBPRDLZ1LUN01	05:02:06	1.84M
CALDEVLZ1LUN0001	05:52:36	1.84M
PSQLOA7LUN001	18:07:36	1.83M
OASPRODLUN02	22:07:36	1.83M
OASPRODLUN01	22:07:36	1.83M
LIBQA1FSLUN01	15:52:36	1.83M
TSQLSPINTLUN01	18:27:06	1.80M
WASSBQALZLUN02	05:02:36	1.79M
WASSBQALZLUN01	05:02:36	1.79M
UNIVERSELUN01SSSNP-caldevlz3	05:12:06	1.79M
WLSIPRDGZLUN01	21:22:06	1.78M
WLSCTDEVLUN02	05:02:36	1.77M
WLSCTDEV2LUN06	05:02:36	1.77M
MIDWGZ2LUN04	05:02:36	1.76M
MIDWGZ2LUN03	05:02:36	1.76M
WLSCTPRDLUN01	21:17:06	1.75M
DB2DEVOSLUN02	05:02:06	1.74M
DB2DEVOSLUN01	05:02:06	1.74M
WMBPRELZ1LUN1	21:02:36	1.73M
WASSRSQALZ2ZFSLUN02	05:07:36	1.73M
WASSRSDEVLZ3ZFSLUN02	05:07:36	1.73M
UNIVERSELUN01SSSNP-caldevlz1	09:27:01	1.72M
REMWEB1LUN01	19:02:36	1.72M
WMBPRELZ1LUN1	09:22:01	1.71M
REMWEB1LUN02	19:02:36	1.71M
WMBPRELZ1LUN1	01:17:36	1.70M
WLSIPRDGZLUN01	21:22:36	1.70M
REMWEB1LUN02	05:42:36	1.69M
REMWEB1LUN01	05:42:36	1.69M
PSQLGDKF1LUN04	11:07:01	1.69M
WLSTQPRDGZ1LUN02	03:02:36	1.68M
WLSDPRDGZ2LUN04	05:02:36	1.66M
WLSDPRDGZ2LUN03	05:02:36	1.66M
WASSRSPRDZFSLUN02SSSNP-prdlz2	06:16:31	1.66M
PSQLOAL3LUN1	00:02:06	1.66M
MIDWGZ1OSLUN02	00:02:36	1.66M
MIDWGZ1OSLUN01	00:02:36	1.66M
CALDEVLZ1LUN0001	10:26:31	1.65M
IIBQA1LZ1LUN02	07:42:01	1.63M
TSQLSPINTLUN01	18:17:36	1.61M
WASSRSQALZ2LUN03	05:02:36	1.57M
PSQLOA7LUN001	18:02:06	1.57M
WASSBPRDLZ1LUN04	06:16:31	1.56M
SEN3HOST14	12:47:01	1.55M
WLSCTDEVLUN05	05:02:36	1.53M
REMAPP1PRDLUN02	14:01:31	1.53M
REMAPP1PRDLUN01	14:01:31	1.53M
UNIVERSELUN01SSSNP-caldevlz1	09:22:01	1.52M
UNIVERSELUN01SSSNP-caldevlz1	09:16:31	1.51M
SEN3HOST5LUN1	23:57:36	1.51M
UXCONT42CGLUN02	05:07:06	1.50M
UXCONT42CGLUN01	05:07:06	1.50M
MIDWGZ2LUN02	00:02:36	1.50M
MIDWGZ2LUN01	00:02:36	1.50M
WMBPRELZ1LUN1	11:12:01	1.49M
WASSRSQALZ2LUN03	05:07:06	1.48M
UXCONT42CGLUN02	05:02:06	1.48M
UXCONT42CGLUN01	05:02:06	1.48M
CTRLMSRVPRDLZ1LUN02	23:12:36	1.48M
CTRLMSRVPRDLZ1LUN01	23:12:36	1.48M
WLSPRDCGLUN02	05:02:36	1.47M
WLSPRDCGLUN01	05:02:36	1.47M
WASSRSPRDZFSLUN02SSSNP-qalz3	16:12:06	1.44M
LIBQA1GZOSLUN04	05:02:36	1.43M
LIBQA1GZOSLUN03	05:02:36	1.43M
OASPRODLUN02	23:17:36	1.42M
OASPRODLUN01	23:17:36	1.42M
CTRLMEMDEVLUN04	05:02:36	1.40M
CTRLMEMDEVLUN02	05:02:36	1.40M
CALGZ1ZLUN02	05:02:36	1.40M
CALGZ1ZLUN01	05:02:36	1.40M
SBLCL3LUN01	18:42:36	1.38M
WASSRSQALZ2ZFSLUN02	05:07:06	1.37M
WASSRSDEVLZ3ZFSLUN02	05:07:06	1.37M
AUDITIQPRDZFSLUN02	00:07:36	1.37M
AUDITIQPRDZFSLUN01	00:07:36	1.37M
AUDITIQPRDZFSLUN02	00:02:36	1.36M
AUDITIQPRDZFSLUN01	00:02:36	1.36M
WLSCTPRDLUN01	21:22:06	1.35M
WLSDDEVGZ2LUN02	05:02:36	1.33M
WLSDDEVGZ2LUN01	05:02:36	1.33M
AUDITIQPRDZFSLUN02	00:12:36	1.32M
AUDITIQPRDZFSLUN01	00:12:36	1.32M
WLSIPRDGZLUN01	21:17:36	1.31M
AUDITIQPRDZFSLUN02	00:12:06	1.31M
AUDITIQPRDZFSLUN01	00:12:06	1.31M
REMAPP1PRDLUN02	06:27:01	1.30M
REMAPP1PRDLUN01	06:27:01	1.30M
CALGZ1ZLUN02	05:22:06	1.29M
CALGZ1ZLUN01	05:22:06	1.29M
AUDITIQPRDZFSLUN04	03:12:06	1.29M
AUDITIQPRDZFSLUN03	03:12:06	1.29M
WLSPRDCGLUN02	05:07:06	1.28M
WLSPRDCGLUN01	05:07:06	1.28M
WLSTQPRDGZ1LUN02	05:22:36	1.19M
UNIVERSELUN01SSSNP-caldevlz1	09:26:31	1.18M
MIDWGZ2LUN02	05:02:36	1.18M
MIDWGZ2LUN01	05:02:36	1.18M
WLSPRDCGLUN02	00:02:36	1.17M
WLSPRDCGLUN01	00:02:36	1.17M
WLSCTDEVLUN04	05:02:36	1.11M
WLSCTDEVLUN03	05:02:36	1.11M
WASSBQALZLUN02	00:12:36	1.10M
WASSBQALZLUN01	00:12:36	1.10M
CALDEVLZ1LUN0001	10:21:31	1.10M
WLSDDEVGZ2LUN04	05:02:36	1.08M
WLSDDEVGZ2LUN03	05:02:36	1.08M
WLSCTDEVPLZ2LUN02	00:02:36	1.08M
REMWEB1LUN02	05:12:36	1.07M
REMWEB1LUN01	05:12:36	1.07M
WLSIDEVLUN02	00:47:36	1.06M
WASSBPRDLZ1LUN03SSSNP-qalz2	05:32:06	1.02M
PSQLGDKF1LUN04	11:06:31	1006.22K
CTRLMEMDEVLUN05	05:02:36	995.58K
CTRLMEMDEVLUN01	05:02:36	995.58K
REMWEB1LUN02	03:12:06	995.18K
REMWEB1LUN01	03:12:06	995.18K
WLSTQPRDGZ1LUN02	09:47:01	995.00K
DPROPHHLUN01	13:11:31	982.13K
ZFSDISKLUN002	05:07:06	979.33K
WASSRSLUN001	05:07:06	979.33K
WLSCTDEVLUN05	22:32:06	966.66K
WLSCTPRDLZLUN02	05:02:06	962.29K
WLSCTPRDLZLUN01	05:02:06	957.31K
DPROPHHLUN01	21:17:36	956.90K
DPROPHHLUN01	03:47:36	954.03K
DB2SRSPRDLZ1LUN01SSSNP-prdlz2	05:42:36	950.47K
WASSBPRDLZ1LUN03SSSNP-qalz1	00:12:06	948.50K
WLSPRDCLUN02	02:07:06	933.08K
WLSPRDCLUN01	02:07:06	933.08K
WLSCTDEVLUN04	00:02:36	907.52K
WLSCTDEVLUN03	00:02:36	907.52K
WASSBPRDLZ1LUN03SSSNP-247lz1	06:16:31	906.14K
PSQLGEKF1LUN01	12:07:01	902.95K
OASPRODLUN04	05:02:36	896.53K
OASPRODLUN03	05:02:36	896.53K
WLSDPRDGZ2LUN02	05:07:06	888.81K
WLSDPRDGZ2LUN01	05:07:06	888.81K
PSQLGEKF1LUN01	12:42:01	887.73K
WLSCDEVLUN02	22:12:06	887.64K
WLSCTDEVLUN02	05:07:06	883.08K
WLSCTDEV2LUN06	05:07:06	883.08K
WLSCTDEVLUN04	00:07:06	878.90K
WLSCTDEVLUN03	00:07:06	878.90K
WLSCTDEVLUN04	00:07:36	871.10K
WLSCTDEVLUN03	00:07:36	871.10K
WLSCTDEVLUN05	05:27:36	864.43K
UNIVERSELUN01SSSNP-caloptlz2	03:17:06	861.17K
WLSCTDEVLUN04	05:27:06	856.21K
WLSCTDEVLUN03	05:27:06	856.21K
WLSCTDEVLUN05	04:17:36	856.08K
MIDWGZ2LUN03	16:57:36	845.63K
MIDWGZ2LUN04	16:57:36	845.50K
UNIVERSELUN01SSSNP-caloptlz2	05:02:36	843.73K
WLSTQDEVGZ2LUN01	17:27:36	832.43K
WLSCTDEVLUN05	18:27:36	826.38K
WASSRSQALZ2ZFSLUN02	05:02:36	814.10K
WASSRSDEVLZ3ZFSLUN02	05:02:36	814.10K
SEN3HOST12	04:57:06	810.58K
PSQLCPR2LUN02	16:17:06	808.89K
UXCONT42CGLUN02	05:02:36	805.92K
UXCONT42CGLUN01	05:02:36	801.72K
PSQLGEKF1LUN01	13:41:31	794.13K
WLSCTDEVLUN02	05:02:06	789.63K
WLSCTDEV2LUN06	05:02:06	789.63K
UNIVERSELUN01SSSNP-cal247	05:27:06	782.84K
WLSCTDEVPLZ2LUN02	00:07:06	770.94K
DB2DEVOSLUN02	03:12:06	758.45K
DB2DEVOSLUN01	03:12:06	758.45K
LIBQA1FSLUN01	15:37:36	757.08K
CTRLMEMDEVLUN03	17:07:06	756.94K
PSQLCPR2LUN02	10:41:31	756.06K
CTRLMEMDEVLUN03	17:02:06	752.22K
UNIVERSELUN01SSSNP-caldevlz3	05:47:06	751.61K
DB2DEVOSLUN02	15:17:36	730.20K
DB2DEVOSLUN01	15:17:36	730.20K
DB2DEVOSLUN02	14:27:36	727.63K
DB2DEVOSLUN01	14:27:36	727.63K
CTRLMEMPRDLZ1LUN02	05:02:06	715.46K
CTRLMEMPRDLZ1LUN01	05:02:06	715.46K
CTRLMEMDEVLUN03	20:57:36	705.53K
CTRLMEMDEVLUN03	01:22:36	700.07K
CTRLMEMDEVLUN03	14:27:36	698.37K
WASSRSPRDZFSLUN01SSSNP-devlz1	11:22:01	697.42K
WASSRSPRDZFSLUN01SSSNP-devlz1	07:12:01	696.12K
WASSRSPRDZFSLUN01SSSNP-qalz2	13:16:31	695.32K
WASSBQALZLUN02	05:02:06	694.29K
WASSBQALZLUN01	05:02:06	694.29K
WASSRSPRDZFSLUN01SSSNP-devlz1	09:17:01	693.50K
LIBQA1GZOSLUN02	05:02:36	687.12K
LIBQA1GZOSLUN01	05:02:36	687.12K
UNIVERSELUN01SSSNP-backup	05:32:06	683.23K
WLSIPRDGZLUN01	22:17:06	681.23K
CTRLMSRVDEVLUN02	05:02:06	676.58K
CTRLMEMDEVLUN06	05:02:06	676.58K
UNIVERSELUN01SSSNP-caloptlz2	05:12:06	673.60K
MIDWGZ2LUN04	05:02:06	672.84K
MIDWGZ2LUN03	05:02:06	672.84K
SEN3HOST14	02:32:36	672.22K
WLSCTDEVLUN02	21:32:36	668.70K
WLSCTDEV2LUN06	21:32:36	668.70K
WASSRSPRDZFSLUN01SSSNP-prelz1	14:52:36	668.68K
WLSCTDEVPLZ2LUN02	17:02:06	665.79K
UXCONT42CGLUN02	20:47:36	665.43K
UXCONT42CGLUN01	20:47:36	665.43K
WLSCTPRDLZLUN01	05:07:06	661.69K
WLSCTPRDLZLUN02	05:07:06	660.79K
WLSDDEVGZ2LUN05	05:07:06	655.19K
UXCONT42CGLUN02	17:07:36	652.93K
UXCONT42CGLUN01	17:07:36	652.93K
WLSCTDEVPLZ2LUN02	16:32:06	652.23K
WLSCTDEVLUN02	08:47:01	642.92K
WLSCTDEV2LUN06	08:47:01	642.92K
WASSRSPRDZFSLUN01SSSNP-prelz1	21:07:36	639.43K
WASSRSPRDZFSLUN01SSSNP-prelz1	01:17:36	635.45K
SRSPRELUN003	05:07:06	634.90K
SRSPRELUN002	05:07:06	634.90K
WASSRSPRDZFSLUN01SSSNP-prelz1	23:12:36	632.72K
UNIVERSELUN01SSSNP-caldevlz2	05:37:06	631.73K
WASSRSPRDZFSLUN01SSSNP-devlz1	22:52:36	630.35K
WASSRSPRDZFSLUN01SSSNP-prelz1	03:22:36	629.40K
DPROPHHLUN01	06:07:01	626.42K
LIBQA1FSLUN02	00:07:36	621.97K
PSQLCPR2LUN05	10:41:31	621.55K
WLSCDEVLUN04	05:02:36	619.42K
WLSCDEVLUN03	05:02:36	619.42K
MIDWGZ2LUN03	03:12:06	619.26K
MIDWGZ2LUN04	03:12:06	619.25K
WLSCTPRDLZLUN02	23:12:06	618.48K
WLSCTPRDLZLUN01	23:12:06	618.47K
SEN3HOST14	06:41:31	617.23K
DSQLGIALUN001	02:37:36	617.13K
WASSBPRDLZ1LUN03SSSNP-devlz2	05:32:06	614.76K
WASSBPRDLZ1LUN03SSSNP-247lz1	05:32:06	613.43K
WASSBPRDLZ1LUN03SSSNP-247lz1	06:56:31	612.86K
LIBQA1FSLUN02	20:42:36	611.82K
MIDWGZ2LUN04	05:07:06	608.43K
MIDWGZ2LUN03	05:07:06	608.43K
CALDEVLZ2LUN001	05:07:36	607.23K
WLSPRDCGLUN02	22:27:06	606.81K
WLSPRDCGLUN01	22:27:06	606.81K
WASSRSPRDZFSLUN02SSSNP-prdlz2	06:56:31	603.45K
LIBQA1FSLUN02	15:22:36	601.12K
WASSBPRDLZ1LUN03SSSNP-devlz3	05:32:06	600.22K
WLSDDEVGZ2LUN04	05:07:06	592.31K
WLSDDEVGZ2LUN03	05:07:06	592.31K
WLSCDEVLUN02	22:02:06	592.26K
WLSDDEVGZ2LUN04	20:02:36	590.10K
WLSDDEVGZ2LUN03	20:02:36	590.10K
WASSBPRDLZ1LUN03SSSNP-qalz1	05:32:06	586.49K
CTRLMEMPRDLZ1LUN02	08:31:31	581.12K
CTRLMEMPRDLZ1LUN01	08:31:31	581.12K
REMAPP1PRDLUN03	14:42:36	579.92K
UNIVERSELUN01SSSNP-caldevlz3	05:02:06	579.60K
CTRLMSRVDEVLUN02	01:37:06	579.06K
CTRLMEMDEVLUN06	01:37:06	578.72K
WLSTQPRDGZ1LUN01	05:22:36	574.63K
REMAPP1PRDLUN02	11:31:31	568.77K
REMAPP1PRDLUN01	11:31:31	568.77K
WASSB247LUN04	05:02:36	568.20K
WASSB247LUN03	05:02:36	568.20K
WASSRSPRDZFSLUN01SSSNP-devlz1	13:26:31	557.35K
MIDWGZ1OSLUN02	00:07:06	549.74K
MIDWGZ1OSLUN01	00:07:06	549.74K
REMAPP1PRDLUN03	14:47:36	547.91K
WLSCDEVLUN04	05:07:36	545.03K
WLSCDEVLUN03	05:07:36	545.03K
WASSBPRDLZ1LUN03SSSNP-devlz1	22:47:36	534.27K
WASSRSPRDZFSLUN01SSSNP-qalz2	11:12:01	532.32K
WLSCDEVLUN04	01:27:36	524.33K
WLSCDEVLUN03	01:27:36	524.33K
WLSCDEVLUN04	02:57:36	523.77K
WLSCDEVLUN03	02:57:36	523.77K
WASSBPRDLZ1LUN03SSSNP-247lz1	06:12:01	520.08K
WLSCTPRDLZLUN02	16:22:36	519.88K
WLSCTPRDLZLUN01	16:22:36	519.88K
WASSRSPRDZFSLUN01SSSNP-qalz2	07:02:01	515.15K
WASSBPRDLZ1LUN03SSSNP-devlz1	16:32:36	508.88K
WASSBPRDLZ1LUN03SSSNP-devlz1	14:27:36	505.83K
WASSRSPRDZFSLUN01SSSNP-qalz2	09:07:01	504.32K
WASSBPRDLZ1LUN03SSSNP-devlz1	00:52:36	504.30K
WASSBPRDLZ1LUN03SSSNP-devlz1	05:02:36	503.60K
WASSBQALZLUN02	05:07:06	496.23K
WASSBQALZLUN01	05:07:06	496.23K
WASSB247LUN04	05:02:06	493.97K
WASSB247LUN03	05:02:06	493.97K
WASSRSPRDZFSLUN02SSSNP-prdlz2	06:11:31	489.50K
WASSRSPRDZFSLUN02SSSNP-qalz3	16:22:36	488.63K
WLSCDEVLUN04	12:42:01	486.65K
WLSCDEVLUN03	12:42:01	486.65K
WLSIDEVLUN01	17:57:36	485.77K
WLSIDEVGZ2LUN01	17:57:36	485.77K
OASIDEVLUN01	18:52:36	485.27K
OASIDEVGZ2LUN1	18:52:36	485.27K
WLSIDEVLUN01	16:27:36	484.55K
WLSIDEVGZ2LUN01	16:27:36	484.55K
WLSDDEVLZ3LUN02	05:47:36	484.40K
WLSDDEVLZ3LUN01	05:47:36	484.40K
WLSIDEVLUN01	17:52:36	482.40K
WLSIDEVGZ2LUN01	17:52:36	482.40K
PSQLGEKF1LUN04	20:52:36	482.00K
PSQLGEKF1LUN04	21:52:36	481.95K
PSQLGEKF1LUN04	01:27:36	479.20K
OASIDEVLUN01	05:12:36	477.60K
OASIDEVGZ2LUN1	05:12:36	477.60K
PSQLOAL3LUN1	23:57:06	476.85K
MIDWGZ2LUN02	05:07:06	476.76K
MIDWGZ2LUN01	05:07:06	476.76K
WLSIDEVLUN01	14:57:36	475.13K
WLSIDEVGZ2LUN01	14:57:36	475.13K
PSQLGEKF1LUN04	03:17:36	474.53K
PSQLGEKF1LUN04	21:22:36	474.40K
WLSIDEVLUN02	12:51:31	472.72K
SEN3HOST15	05:42:36	471.55K
CTRLMSRVPRDLZ1LUN02	05:02:06	471.13K
CTRLMSRVPRDLZ1LUN01	05:02:06	471.13K
CTRLMEMPRDLZ1LUN02	23:12:36	469.67K
CTRLMEMPRDLZ1LUN01	23:12:36	469.67K
WLSDPRDGZ2LUN04	05:02:06	465.47K
WLSDPRDGZ2LUN03	05:02:06	465.47K
WLSDPRDGZ2LUN02	05:02:06	462.14K
WLSDPRDGZ2LUN01	05:02:06	462.14K
MIDWGZ1OSLUN02	04:47:06	461.15K
MIDWGZ1OSLUN01	04:47:06	461.15K
WLSIDEVLUN01	03:02:36	459.00K
WLSIDEVGZ2LUN01	03:02:36	459.00K
SAPPRDBWLZ1LUN01	22:12:36	456.87K
LIBQA2OSLUN01	07:46:31	453.26K
LIBQA2OSLUN02	07:46:31	453.23K
WASSBPRDLZ1LUN03SSSNP-devlz3	11:22:01	449.32K
SLMPRDGZLUN03	20:02:06	447.75K
WLSIDEVLUN02	22:07:06	442.33K
SEN3HOST16	06:16:31	436.61K
WLSIPRDGLUN02	02:52:36	436.37K
WLSIPRDGLUN01	02:52:36	436.37K
WASSBQALZLUN02	16:22:06	436.09K
WASSBQALZLUN01	16:22:06	436.08K
PSQLCPR2LUN02	02:02:06	434.62K
WLSDDEVLZ3LUN02	22:37:36	431.63K
WLSDDEVLZ3LUN01	22:37:36	431.63K
WASSDEVLUN02	02:27:06	429.61K
WLSIPRDGLUN02	18:42:06	427.93K
WLSIPRDGLUN01	18:42:06	427.93K
WLSDDEVLZ3LUN02	09:07:01	425.60K
WLSDDEVLZ3LUN01	09:07:01	425.60K
WLSDDEVLZ3LUN02	10:12:01	424.33K
WLSDDEVLZ3LUN01	10:12:01	424.33K
WLSIPRDGLUN02	14:27:36	424.18K
WLSIPRDGLUN01	14:27:36	424.18K
WLSDPRDGZ2LUN02	14:11:31	423.98K
WLSDPRDGZ2LUN01	14:11:31	423.98K
IIBQA1LZ1LUN01	05:02:06	422.81K
DSQLFULLV1LUN03	11:47:01	422.67K
WLSDDEVLZ3LUN02	22:17:36	422.48K
WLSDDEVLZ3LUN01	22:17:36	422.48K
SEN3HOST16	12:02:01	421.20K
DB2SRSPRDLUN01SSSNP-backup	21:07:06	418.82K
CTRLMSRVPRDLZ1LUN03	17:02:06	418.23K
WASSBPRDLZ1LUN03SSSNP-devlz3	09:17:01	410.10K
UNIVERSELUN01SSSNP-caloptlz2	05:42:06	409.63K
OASPRODLUN04	21:17:36	405.40K
OASPRODLUN03	21:17:36	405.40K
PSQLCPR2LUN05	10:27:01	405.23K
OASIDEVLUN02	22:02:06	400.59K
UNIVERSELUN01SSSNP-cal247	05:17:06	400.12K
SRMAPPRDLZ1LUN04	00:07:06	399.77K
OASIDEVLUN02	14:22:36	398.27K
SLMPRDGZLUN03	07:47:01	398.22K
PSQLOAL3LUN1	04:42:06	396.57K
MIDWGZ1OSLUN02	12:46:31	395.16K
MIDWGZ1OSLUN01	12:46:31	395.16K
WLSPRDCGLUN02	22:42:36	393.48K
WLSPRDCGLUN01	22:42:36	393.48K
SLMPRDGZLUN03	06:37:01	393.30K
UNIVERSELUN01SSSNP-backup	21:07:06	390.11K
PSQLOAL3LUN1	13:41:31	389.85K
WASSBPRDLZ1LUN03SSSNP-devlz3	07:12:01	389.75K
TSQLDFS4LUN01	18:47:06	388.34K
REMAPP1PRDLUN03	10:32:01	387.78K
WASSRSPRDZFSLUN02SSSNP-backup	21:07:06	385.16K
WASSDEVLUN02	22:02:06	380.15K
SLMPRDGZLUN03	10:37:01	378.77K
UNIVERSELUN01SSSNP-backup	21:27:06	377.63K
WASSBQALZLUN04	00:12:36	371.77K
WLSIPRDGLUN02	20:32:36	370.88K
WLSIPRDGLUN01	20:32:36	370.75K
DB2SRSPRDLZ1LUN01SSSNP-backup	21:07:06	369.72K
WASSB247LUN06	05:02:36	366.25K
WASSB247LUN05	05:02:36	366.25K
WLSPRDCLUN02	18:42:06	364.17K
WLSPRDCLUN01	18:42:06	364.17K
LIBQA1GZOSLUN02	05:02:06	361.92K
LIBQA1GZOSLUN01	05:02:06	361.92K
WASSDEVLUN06	23:57:36	360.83K
WASSDEVLUN05	23:57:36	360.83K
WASSRSPRDZFSLUN01SSSNP-devlz3	22:02:06	359.91K
SAPPRDBWLZ1LUN01	15:37:36	359.30K
UNIVERSELUN01SSSNP-cal247	05:22:06	358.84K
WASSRSPRDZFSLUN01SSSNP-devlz3	17:52:06	356.85K
SAPPRDBWLZ1LUN01	05:07:36	356.77K
WASSRSPRDZFSLUN01SSSNP-devlz3	04:17:06	356.75K
WASSRSPRDZFSLUN01SSSNP-devlz3	19:57:06	355.92K
WASSRSPRDZFSLUN01SSSNP-devlz3	02:12:06	355.58K
WLSIPRDGLUN02	18:27:36	353.12K
WLSIPRDGLUN01	18:27:36	353.12K
SLMPRDGZLUN05	15:32:36	352.03K
CTRLMSRVPRDLZ1LUN03	13:26:01	351.94K
WASSRSQALZ1LUN03	05:07:36	350.95K
UNIVERSELUN01SSSNP-caldevlz2	05:22:06	349.45K
CTRLMSRVPRDLZ1LUN03	15:27:06	348.40K
SAPPRDBWLZ1LUN01	21:37:36	348.12K
SAPPRDBWLZ1LUN01	22:47:36	347.18K
WLSTQDEVGZ2LUN01	05:02:06	346.12K
CTRLMSRVPRDLZ1LUN03	16:02:06	344.22K
WASSBPRDLZ1LUN03SSSNP-qalz1	16:02:36	344.05K
UNIVERSELUN01SSSNP-caldevlz3	05:07:36	342.43K
WASSRSQALZ2ZFSLUN02	21:32:36	341.55K
WASSRSDEVLZ3ZFSLUN02	21:32:36	341.55K
CTRLMSRVPRDLZ1LUN03	13:21:01	337.74K
CTRLMSRVPRDLZ1LUN02	10:37:01	336.15K
CTRLMSRVPRDLZ1LUN01	10:37:01	336.15K
WASSDEVLUN06	12:52:01	334.82K
WASSDEVLUN05	12:52:01	334.82K
WLSDDEVGZ2LUN05	05:02:36	332.00K
WASSRSQALZ2ZFSLUN02	05:02:06	330.38K
WASSRSDEVLZ3ZFSLUN02	05:02:06	330.38K
SRMAPPRDLUN03	15:47:36	328.45K
SRMAPPRDLUN03	04:47:36	328.33K
WLSCDEVLUN02	05:02:06	326.40K
SRMAPPRDLZ1LUN04	21:47:06	322.32K
WASSBPRDLZ1LUN03SSSNP-247lz1	06:07:01	320.64K
SLMPRDGZLUN05	03:57:36	318.97K
PSQLOAL4LUN1	19:02:06	317.74K
SEN3HOST15	23:02:36	317.73K
UNIVERSELUN01SSSNP-caloptlz2	05:07:06	316.56K
WASSRSPRDZFSLUN01SSSNP-qalz1	05:17:06	315.38K
WASSRSPRDZFSLUN01SSSNP-qalz2	02:52:06	314.39K
WASSRSPRDZFSLUN01SSSNP-qalz1	07:21:31	314.13K
WASSRSPRDZFSLUN01SSSNP-qalz1	09:26:31	313.39K
WASSRSPRDZFSLUN01SSSNP-qalz1	13:36:01	312.68K
WASSRSPRDZFSLUN01SSSNP-qalz1	20:57:06	312.31K
CTRLMSRVPRDLZ1LUN02	08:37:01	311.38K
CTRLMSRVPRDLZ1LUN01	08:37:01	311.38K
UNIVERSELUN01SSSNP-backup	21:17:06	311.35K
PSQLCPR2LUN05	16:12:06	310.78K
WASSRSPRDZFSLUN01SSSNP-backup	21:07:06	308.50K
SRMAPPRDLUN03	00:47:36	308.50K
SRMAPPRDLUN03	14:47:36	307.62K
SRMAPPRDLUN03	04:17:36	307.35K
AUDITIQPRDLUN02	05:02:06	306.99K
AUDITIQPRDLUN01	05:02:06	306.99K
CTRLMSRVDEVLUN01	05:02:06	306.55K
CTRLMEMDEVLUN07	05:02:06	306.55K
WASSRSPRDZFSLUN02SSSNP-qalz3	16:22:06	304.51K
PSQLCPR2LUN05	16:17:06	303.78K
CTRLMEMPRDLZ1LUN02	23:12:06	301.76K
CTRLMEMPRDLZ1LUN01	23:12:06	301.76K
MIDWGZ2LUN02	00:02:06	299.37K
MIDWGZ2LUN01	00:02:06	299.37K
LIBQA2OSLUN02	05:02:06	298.62K
LIBQA2OSLUN01	05:02:06	298.62K
REMAPP1PRDLUN03	09:47:01	298.00K
WLSCDEVLUN02	22:17:06	295.53K
REMAPP1PRDLUN03	04:32:36	294.10K
WLSCDEVLUN02	05:07:06	292.02K
OASIDEVLUN01	07:51:31	283.80K
OASIDEVGZ2LUN1	07:51:31	283.80K
PSQLGIANT3-4LUN01	18:17:36	283.47K
WASSBPRDLZ1LUN03SSSNP-backup	00:02:06	281.67K
WASSRSPRDZFSLUN02SSSNP-prdlz2	05:47:06	280.33K
CTRLMEMDEVLUN04	05:02:06	280.01K
CTRLMEMDEVLUN02	05:02:06	280.01K
WLSDDEVGZ2LUN04	05:02:06	279.96K
WLSDDEVGZ2LUN03	05:02:06	279.96K
AUDITIQPRDZFSLUN04	07:17:01	279.78K
AUDITIQPRDZFSLUN03	07:17:01	279.78K
LIBQA1GZOSLUN02	12:06:31	277.33K
LIBQA1GZOSLUN01	12:06:31	277.33K
PSQLGDKF1LUN01	14:47:36	276.69K
PSQLGDKF1LUN01	07:52:01	275.20K
PSQLGDKF1LUN01	05:42:36	274.67K
PSQLGDKF1LUN01	06:27:01	274.18K
PSQLGDKF1LUN01	05:32:36	274.13K
WLSDPRDGZ2LUN04	05:07:06	272.70K
WLSDPRDGZ2LUN03	05:07:06	272.70K
SLMPRDGZLUN05	01:17:36	272.30K
CTRLMEMDEVLUN05	01:37:06	272.28K
CTRLMEMDEVLUN01	01:37:06	272.28K
CTRLMSRVDEVLUN01	01:37:06	267.79K
CTRLMEMDEVLUN07	01:37:06	267.79K
SLMPRDGZLUN05	18:57:36	267.50K
SLMPRDGZLUN05	03:42:36	267.50K
SEN3HOST16	07:52:01	265.62K
UNIVERSELUN01SSSNP-backup	21:12:06	265.07K
UNIVERSELUN01SSSNP-caldevlz3	05:07:06	264.40K
WASSRSQALZ1LUN03	05:37:36	264.30K
MIDWGZ2LUN02	05:02:06	264.05K
MIDWGZ2LUN01	05:02:06	264.05K
WASSRSQALZ1LUN03	05:47:36	264.00K
DB2SRSPRDLZ1LUN01SSSNP-prdlz2	05:47:06	263.83K
WASSRSQALZ1LUN03	05:57:36	263.77K
WASSRSQALZ1LUN03	05:27:36	263.77K
WASSB247LUN06	05:02:06	262.73K
WASSB247LUN05	05:02:06	262.73K
LIBQA1GZOSLUN02	23:17:06	262.12K
LIBQA1GZOSLUN01	23:17:06	262.12K
CTRLMEMPRDLZ1LUN02	23:02:06	260.02K
CTRLMEMPRDLZ1LUN01	23:02:06	260.02K
WLSDDEVGZ2LUN02	05:02:06	257.65K
WLSDDEVGZ2LUN01	05:02:06	257.65K
LIBQA1GZOSLUN02	05:07:06	257.37K
LIBQA1GZOSLUN01	05:07:06	257.37K
AUDITIQPRDZFSLUN04	10:22:01	257.35K
AUDITIQPRDZFSLUN03	10:22:01	257.35K
TQVHOST1LUN01	16:02:06	254.50K
PSQLGDDS1LUN01	14:42:36	251.73K
WASSRSPRDZFSLUN01SSSNP-qalz4	02:07:06	251.63K
WASSRSPRDZFSLUN01SSSNP-qalz3	12:26:31	251.36K
WASSRSPRDZFSLUN01SSSNP-qalz4	12:31:31	249.40K
AUDITIQPRDZFSLUN04	05:12:36	249.08K
AUDITIQPRDZFSLUN03	05:12:36	249.08K
CTRLMSRVPRDLZ1LUN02	23:02:06	248.54K
CTRLMSRVPRDLZ1LUN01	23:02:06	248.54K
WASSRSPRDZFSLUN01SSSNP-qalz4	10:26:31	248.29K
AUDITIQPRDZFSLUN04	22:02:36	248.17K
AUDITIQPRDZFSLUN03	22:02:36	248.17K
WASSRSPRDZFSLUN01SSSNP-qalz4	08:21:31	247.61K
WLSDDEVLZ3LUN04	11:37:01	247.32K
WLSDDEVLZ3LUN03	11:37:01	247.32K
WASSB247LUN06	05:27:36	247.08K
WASSB247LUN05	05:27:36	247.08K
WASSRSPRDZFSLUN01SSSNP-qalz4	06:16:31	247.00K
PSQLBIOLD2LUN01	08:42:01	246.67K
OASPRODLUN04	05:07:06	245.28K
OASPRODLUN03	05:07:06	245.28K
TQVHOST1LUN01	00:02:06	244.76K
WASSDEVLUN03	01:37:36	244.10K
CTRLMSRVDEVLUN03	02:07:36	241.97K
WASSB247GZLUN03	05:02:36	240.27K
WLSDDEVGZ2LUN02	09:07:01	240.08K
WLSDDEVGZ2LUN01	09:07:01	240.08K
SEN3HOST15	15:02:36	237.90K
TQVHOST1LUN01	06:16:31	237.87K
WASSRSDEVLZ11LUN1	05:07:36	235.23K
CTRLMEMDEVLUN05	05:02:06	233.98K
CTRLMEMDEVLUN01	05:02:06	233.98K
WLSPRDCLUN02	02:32:06	232.94K
WLSPRDCLUN01	02:32:06	232.94K
WLSTQDEVGZ2LUN02	05:02:06	230.00K
WLSDDEVLZ3LUN04	10:17:01	229.92K
WASSDEVLUN04	07:17:01	229.88K
WASSDEVLUN03	07:17:01	229.88K
WLSDDEVLZ3LUN04	12:57:01	227.00K
WLSDDEVLZ3LUN03	12:57:01	227.00K
CTRLMSRVDEVLUN03	17:12:36	226.67K
WLSTQDEVLUN01	17:27:06	226.08K
WASSBPRDLZ1LUN03SSSNP-backup	00:02:36	224.48K
WASSRSPRDZFSLUN01SSSNP-qalz3	15:52:36	223.35K
PSQLCPR2LUN02	16:12:36	222.07K
WASSDEVLUN02	02:32:06	222.01K
CTRLMSRVDEVLUN03	16:02:36	221.08K
CTRLMSRVDEVLUN03	17:02:36	219.65K
PSQLGIANT3-4LUN01	21:42:06	219.59K
ZFSDISKLUN002	21:12:36	219.02K
WASSRSLUN001	21:12:36	219.02K
CTRLMSRVDEVLUN03	14:37:36	218.95K
WASSRSQALZ2LUN03	05:02:06	216.23K
WASSB247LUN06	13:41:31	215.68K
WASSB247LUN05	13:41:31	215.68K
CTRLMEMDEVLUN04	01:37:06	213.96K
CTRLMEMDEVLUN02	01:37:06	213.96K
OASPRODLUN04	05:02:06	212.70K
OASPRODLUN03	05:02:06	212.70K
WASSDEVLUN04	14:42:36	211.23K
WASSDEVLUN03	14:42:36	211.23K
ZFSDISKLUN002	23:12:36	210.55K
WASSRSLUN001	23:12:36	210.55K
ZFSDISKLUN002	04:22:36	206.85K
WASSRSLUN001	04:22:36	206.85K
UNIVERSELUN01SSSNP-caldevlz2	05:27:06	205.09K
WASSRSPRDZFSLUN01SSSNP-qalz3	08:16:31	204.90K
WASSRSPRDZFSLUN01SSSNP-qalz3	06:11:31	204.21K
WASSRSPRDZFSLUN01SSSNP-qalz3	02:02:06	203.66K
TSQLDFS4LUN01	06:52:01	202.95K
ZFSDISKLUN002	05:57:36	200.95K
WASSRSLUN001	05:57:36	200.95K
WLSPRDCLUN02	02:02:06	200.21K
WLSPRDCLUN01	02:02:06	200.21K
AUDITIQPRDLUN02	22:02:06	199.01K
AUDITIQPRDLUN01	22:02:06	199.01K
PSQLGEKF1LUN02	10:56:31	198.61K
LIBQA1GZOSLUN04	05:07:06	195.31K
LIBQA1GZOSLUN03	05:07:06	195.31K
CTRLMEMDEVLUN04	05:07:06	194.28K
CTRLMEMDEVLUN02	05:07:06	194.28K
SRMAPPRDLZ1LUN04	00:12:06	193.70K
OASIDEVLUN02	22:07:06	192.93K
PSQLGEKF1LUN02	12:42:01	192.02K
WASSBPRDLZ1LUN03SSSNP-devlz3	13:26:31	190.97K
CTRLMSRVDEVLUN02	22:12:36	190.57K
CTRLMEMDEVLUN06	22:12:36	190.57K
PSQLGEKF1LUN02	12:57:01	189.90K
AUDITIQPRDLUN02	01:32:36	189.27K
AUDITIQPRDLUN01	01:32:36	189.27K
WASSBPRDLZ1LUN03SSSNP-qalz1	00:07:36	188.92K
WASSBPRDLZ1LUN03SSSNP-devlz2	21:17:06	188.17K
PSQLGEKF1LUN02	12:27:01	187.78K
WASSDEVLUN02	22:07:06	187.39K
WLSDDEVLZ3LUN04	10:57:01	181.12K
WLSDDEVLZ3LUN03	10:57:01	181.12K
CTRLMEMDEVLUN04	01:47:36	178.98K
CTRLMEMDEVLUN02	01:47:36	178.98K
TSQLDFS4LUN01	11:57:01	177.47K
WASSBPRDLZ1LUN03SSSNP-devlz2	13:56:01	177.33K
DB2SRSPRDLUN01SSSNP-qalz3	15:52:36	176.52K
AUDITIQPRDLUN02	10:17:01	175.98K
AUDITIQPRDLUN01	10:17:01	175.98K
AUDITIQPRDLUN02	11:37:01	175.48K
AUDITIQPRDLUN01	11:37:01	175.48K
REMINT1LUN02	05:02:06	174.20K
REMINT1LUN01	05:02:06	174.16K
WASSBPRDLZ1LUN03SSSNP-devlz2	17:07:06	173.83K
WASSBPRDLZ1LUN03SSSNP-devlz2	11:51:31	173.71K
PSQLGDKF1LUN02	13:56:31	172.27K
LIBQA1FSLUN02	00:12:06	170.81K
WASSB247LUN04	07:06:31	170.58K
WASSB247LUN03	07:06:31	170.58K
WLSDDEVLZ3LUN04	17:47:36	170.57K
WLSDDEVLZ3LUN03	17:47:36	170.57K
PSQLGDKF1LUN02	12:17:01	169.88K
WLSDDEVLZ3LUN03	10:17:01	168.50K
LIBQA2OSLUN02	13:31:31	167.08K
LIBQA2OSLUN01	13:31:31	167.08K
PSQLGDKF1LUN02	12:32:01	165.60K
PSQLGDKF1LUN02	12:07:01	163.52K
LIBQA2OSLUN02	06:52:01	163.06K
LIBQA1FSLUN02	21:47:06	162.82K
PSQLGDKF1LUN02	13:21:31	162.12K
WLSDDEVGZ2LUN04	13:36:01	159.43K
WLSDDEVGZ2LUN03	13:36:01	159.43K
LIBQA2OSLUN01	06:52:01	158.31K
PSQLCPR2LUN02	10:37:01	156.85K
WASSRSQALZ2LUN03	10:17:01	152.32K
WLSDPRDGZ2LUN04	03:12:36	151.52K
WLSDPRDGZ2LUN03	03:12:36	151.52K
WASSB247LUN03	06:07:01	151.46K
WASSB247LUN04	06:07:01	151.45K
SRMAPPRDLZ1LUN04	00:47:06	150.78K
WLSDDEVGZ2LUN01	15:07:36	150.52K
WASSBPRDLZ1LUN03SSSNP-qalz1	00:12:36	150.02K
LIBQA2OSLUN02	02:32:36	148.02K
LIBQA2OSLUN01	02:32:36	148.02K
WASSB247LUN03	08:27:01	141.93K
OASPRODLUN04	21:12:06	139.70K
OASPRODLUN03	21:12:06	139.70K
LIBQA1FSLUN01	15:42:06	136.92K
WLSDPRDGZ2LUN04	21:52:36	136.08K
WLSDPRDGZ2LUN03	21:52:36	136.08K
WLSDDEVGZ2LUN05	05:07:36	136.08K
CTRLMEMDEVLUN05	13:26:31	135.08K
CTRLMEMDEVLUN01	13:26:31	135.08K
LIBQA1FSLUN01	15:52:06	134.70K
WASSB247LUN04	08:27:01	130.30K
WASSDEVLUN04	13:21:31	125.37K
WASSDEVLUN03	13:21:31	125.37K
WLSDDEVGZ2LUN02	15:07:36	125.13K
DSQLDF50LUN01	11:36:31	124.59K
SRSPRELUN003	22:37:36	122.43K
WASRSPRELUN02	05:07:06	122.23K
WLSTQDEVLUN01	17:12:06	121.76K
OASIDEVLUN02	14:06:31	121.13K
TSQLDFS4LUN01	21:57:36	119.48K
WASSBDEVLZ1LUN01	05:02:36	119.00K
PSQLGDDS1LUN02	14:47:06	118.81K
WASSRSDEVLZ3LUN03	14:17:06	118.24K
REMINT1LUN02	19:02:36	118.17K
REMINT1LUN01	19:02:36	118.17K
UNIVERSELUN01SSSNP-caldevlz2	05:32:06	117.80K
PSQLGDDS1LUN02	14:37:06	117.79K
WLSTQDEVLUN01	17:22:06	117.28K
PSQLGDDS1LUN02	14:42:36	116.93K
OASIDEVLUN01	05:52:36	116.78K
OASIDEVGZ2LUN1	05:52:36	116.78K
PSQLGDDS1LUN02	14:32:36	116.53K
LIBQA1FSLUN01	12:52:01	115.27K
REMINT1LUN02	23:52:36	114.95K
REMINT1LUN01	23:52:36	114.95K
PSQLGDDS1LUN02	14:47:36	114.84K
WASSBQALZLUN04	05:02:36	114.68K
DSQLGIALUN001	00:02:06	113.88K
WASSBQALZLUN04	05:07:06	113.02K
SRSPRELUN002	22:37:36	112.88K
CTRLMEMDEVLUN05	01:47:36	111.03K
CTRLMEMDEVLUN01	01:47:36	111.03K
WLSPRDCLUN02	17:02:36	110.33K
WASSDEVLUN03	03:32:36	109.97K
UNIVERSELUN01SSSNP-cal247	05:12:06	108.74K
REMINT1LUN02	14:22:36	108.45K
REMINT1LUN01	14:22:36	108.32K
OASIDEVLUN01	18:32:36	107.65K
OASIDEVGZ2LUN1	18:32:36	107.65K
WLSPRDCLUN01	17:02:36	107.35K
LIBQA1GZOSLUN04	02:32:36	107.13K
LIBQA1GZOSLUN03	02:32:36	107.13K
REMINT1LUN02	20:57:36	105.93K
REMINT1LUN01	20:57:36	105.93K
PSQLGDDS1LUN01	14:52:36	105.63K
WASSPRDGZ1LUN02	20:07:36	104.77K
WASSPRDGZ1LUN01	20:07:36	104.63K
SRSPRELUN003	05:32:36	103.68K
SRSPRELUN002	05:32:36	103.68K
IIBQA1LZ1LUN01	05:22:36	102.55K
WASSDEVLUN06	08:01:31	101.52K
WASSDEVLUN05	08:01:31	101.52K
WASSRSPRDZFSLUN02SSSNP-qalz3	16:07:06	101.30K
WASSRSPRDZFSLUN01SSSNP-backup	21:07:36	100.77K
WASSPRDGZ1LUN02	16:57:36	100.12K
WASSPRDGZ1LUN01	16:57:36	100.12K
SRSPRELUN003	21:52:36	99.85K
SRSPRELUN002	21:52:36	99.10K
WASSDEVLUN04	23:47:36	99.02K
SRSPRELUN003	05:57:36	98.32K
SRSPRELUN002	05:57:36	98.32K
WASSDEVLUN06	19:57:36	98.20K
WASSDEVLUN05	19:57:36	98.20K
CALDEVLZ2LUN001	05:47:06	98.18K
WASSPRDGZ1LUN02	06:57:01	97.75K
WASSPRDGZ1LUN01	06:57:01	97.75K
WMBDEVLZ2LUN1	22:17:36	97.37K
LIBQA1GZOSLUN04	23:17:36	96.27K
LIBQA1GZOSLUN03	23:17:36	96.27K
OASIDEVLUN02	23:12:06	94.99K
PSQLGIANT3-4LUN03	07:01:31	94.49K
WASSPRDGZ1LUN02	00:52:36	93.98K
WASSPRDGZ1LUN01	00:52:36	93.98K
WASSDEVLUN06	04:57:36	93.68K
WASSDEVLUN05	04:57:36	93.68K
WASSPRDGZ1LUN02	00:22:36	93.48K
WASSPRDGZ1LUN01	00:22:36	93.48K
WLSTQPRDGZ1LUN01	05:27:06	92.84K
WASSDEVLUN04	03:22:36	92.43K
LIBQA1GZOSLUN04	05:02:06	90.84K
LIBQA1GZOSLUN03	05:02:06	90.84K
IIBQA1LZ1LUN01	08:12:01	90.75K
CTRLMSRVDEVLUN01	22:12:36	90.62K
CTRLMEMDEVLUN07	22:12:36	90.62K
CALDEVLZ3LUN001	05:37:06	90.55K
WASSB247GZLUN03	05:07:06	89.21K
UNIVERSELUN01SSSNP-cal247	05:32:06	87.88K
WASSPRDGZ1LUN04	13:21:31	87.48K
WASSPRDGZ1LUN03	13:21:31	87.48K
PSQLGDDS1LUN01	14:42:06	86.55K
WASSPRDGZ1LUN04	17:42:36	86.23K
WASSPRDGZ1LUN03	17:42:36	86.23K
CTRLMSRVDEVLUN02	13:51:31	85.87K
CTRLMEMDEVLUN06	13:51:31	85.87K
WASSPRDGZ1LUN04	16:52:36	85.12K
WASSPRDGZ1LUN03	16:52:36	85.12K
PSQLGDDS1LUN01	14:37:06	84.40K
TSQLDFS4LUN01	20:17:36	83.07K
DB2SBDEVLZ1LUN01	05:02:36	82.97K
WASSPRDGZ1LUN04	15:52:36	82.92K
WASSPRDGZ1LUN03	15:52:36	82.92K
WASSPRDGZ1LUN04	08:52:01	82.50K
WASSPRDGZ1LUN03	08:52:01	82.50K
IIBQA1LZ1LUN01	16:22:36	82.22K
WASSDEVLUN02	12:37:01	82.15K
PSQLGDDS1LUN01	14:47:06	81.74K
CTRLMSRVDEVLUN01	09:52:01	81.40K
CTRLMEMDEVLUN07	09:52:01	81.40K
CTRLMSRVDEVLUN01	12:12:01	80.20K
CTRLMEMDEVLUN07	12:12:01	80.20K
IIBQA1LZ1LUN01	07:12:01	79.98K
WASSBQALZLUN04	00:12:06	79.45K
DB2SRSPRDLUN01SSSNP-qalz3	15:57:06	77.52K
PSQLGTACT1LUN03	12:06:31	76.12K
PSQLOAL6LUN01	19:02:06	76.11K
WLSTQDEVGZ2LUN02	05:27:36	75.97K
DSQLDF50LUN01	07:46:31	74.13K
WMBDEVLZ2LUN1	06:07:01	73.96K
DSQLDF50LUN01	01:52:06	73.84K
DB2SBDEVLZ1LUN01	23:32:36	73.62K
WASSRSDEVLZ11LUN1	11:07:01	73.25K
DB2SBDEVLZ1LUN01	01:32:36	73.08K
CTRLMSRVDEVLUN02	11:47:01	72.92K
CTRLMEMDEVLUN06	11:47:01	72.92K
DB2SBDEVLZ1LUN01	21:32:36	72.28K
DSQLDF50LUN01	20:02:06	71.35K
DB2SBDEVLZ1LUN01	14:32:36	70.42K
WLSDDEVGZ2LUN05	05:02:06	66.79K
WASSRSDEVLZ2LUN2	05:07:06	66.07K
PSQLGTACT1LUN03	11:41:31	66.04K
WLSTQDEVGZ2LUN03	09:32:01	66.00K
WASRSPRELUN02	05:07:36	63.27K
CALPRDLZ1LUN02	05:32:06	62.93K
WLSTQDEVGZ2LUN02	21:07:36	62.53K
WLSTQDEVGZ2LUN02	00:47:36	62.45K
PSQLGDDS1LUN03	14:47:36	62.07K
PSQLGDDS1LUN03	14:32:36	62.00K
PSQLGDDS1LUN03	14:37:06	61.71K
PSQLGDDS1LUN03	14:42:06	61.58K
WMBDEVLZ1LUN1	20:02:36	61.55K
CALDEVLZ3LUN001	05:22:06	61.18K
UNIVERSELUN01SSSNP-caldevlz2	06:37:01	60.95K
DB2SRSQALZ2LUN03	14:01:31	60.83K
PSQLGDDS1LUN03	14:42:36	60.53K
WASSBQALZLUN04	02:02:36	60.27K
WASSBQALZ2LUN01	05:02:36	58.95K
WLSTQDEVGZ2LUN02	17:27:36	58.93K
WLSTQDEVGZ2LUN03	15:42:06	57.83K
WLSDDEVGZ2LUN05	05:12:06	57.42K
WASSRSDEVLZ2LUN2	05:02:36	56.98K
CALPRDLZ1LUN02	05:12:06	55.03K
WASSRSPRDLUN01	05:07:06	53.51K
TSQLGXKF1LUN01	07:41:31	53.10K
WASSBDEVLZ3LUN01	05:02:36	53.07K
TSQLGXKF1LUN01	07:36:31	52.98K
WASSB247GZLUN03	05:02:06	52.83K
WASSBDEVLZ2LUN01	05:02:36	52.63K
CALDEVLZ2LUN001	14:32:06	52.46K
WASSB247GZLUN03	19:32:06	52.28K
CALPRDLZ1LUN02	15:07:06	50.79K
DB2SRSPRD2LUN01	05:42:06	49.72K
PSQLGIANT3-4LUN01	23:17:06	49.31K
CALDEVLZ3LUN001	05:27:06	48.89K
WASSBDEVLZ1LUN01	05:02:06	47.16K
PSQLOAL5LUN01	13:06:31	46.88K
CALDEVLZ3LUN001	09:32:01	46.42K
WASSRSDEVLZ2LUN2	19:07:36	46.13K
WLSTQPRDGZ1LUN01	13:21:31	45.53K
CALDEVLZ2LUN001	14:47:06	45.44K
CALDEVLZ3LUN001	09:22:01	44.93K
CALPRDLZ1LUN02	08:37:01	44.58K
WASSBDEVLZ2LUN01	22:22:36	44.24K
WASSRSDEVLZ3LUN03	05:02:36	43.52K
CALDEVLZ2LUN001	14:42:06	43.50K
WASSRS247LUN01	05:07:36	43.13K
PSQLGIANT3-4LUN01	00:17:06	42.75K
WASSBDEVLZ1LUN01	05:07:06	41.49K
WMBDEVLZ1LUN1	05:02:06	41.19K
WLSTQPRDGZ1LUN01	09:47:01	41.18K
WASSRSDEVLZ11LUN1	05:07:06	41.03K
CALPRDLZ1LUN02	09:27:01	40.53K
DB2SRSQALZ2LUN03	13:21:31	39.87K
WASSRSDEVLZ11LUN1	05:02:06	39.71K
WMBDEVLZ1LUN1	05:07:06	39.55K
PSQLGIANT3-4LUN03	23:32:36	39.32K
WLSTQDEVGZ2LUN03	05:02:06	37.09K
WASSRSPRDLUN01	05:07:36	37.07K
WMBDEVLZ2LUN1	16:57:36	36.48K
WLSTQPRDGZ1LUN01	03:57:36	35.63K
DB2SBDEVLZ3LUN01	12:22:01	35.50K
DB2SBDEVLZ3LUN01	10:22:01	35.48K
WASSRSDEVLZ3LUN03	05:07:06	35.23K
WMBDEVLZ1LUN1	05:02:36	35.20K
WASRSPRELUN02	05:12:06	35.14K
DSQLGIALUN001	14:22:06	35.00K
WASSRSDEVLZ3LUN03	14:22:06	34.81K
DB2SBDEVLZ3LUN01	11:22:01	34.70K
WASSBDEVLZ3LUN01	22:22:36	34.58K
DB2SRSQALZ2LUN03	13:31:31	34.43K
WASSRSDEVLZ2LUN2	05:02:06	34.01K
DB2SBDEVLZ3LUN01	08:52:01	33.88K
DB2SBDEVLZ3LUN01	07:22:01	33.62K
DB2SRSPRD2LUN01	05:07:36	33.60K
DB2SRSPRDLUN01SSSNP-backup	21:07:36	33.52K
DB2SRSQALZ2LUN03	13:51:31	32.58K
WLSTQDEVGZ2LUN03	08:32:01	32.53K
WMBDEVLZ2LUN1	05:07:06	32.10K
WASSRS247LUN01	18:02:36	31.28K
WLSTQDEVGZ2LUN03	11:32:01	30.43K
WASSB247GZLUN03	05:07:36	30.13K
PSQLOAL6LUN01	21:42:36	29.77K
DSQLSHARED4LUN01	14:52:36	29.60K
PSQLOAL5LUN01	19:22:06	29.39K
WMBDEVLZ2LUN1	05:02:36	29.37K
PSQLBP5LUN01	19:52:36	29.35K
PSQLOAL5LUN01	14:47:36	28.60K
WMBDEVLZ1LUN1	20:07:06	28.50K
PSQLOAL5LUN01	14:52:36	27.98K
PSQLGMKF1LUN01	20:42:36	27.57K
PSQLGMKF1LUN01	17:42:36	27.43K
DSQLFULLV1LUN02	14:12:36	27.05K
PSQLGVPKF1LUN01	23:32:36	27.02K
PSQLGVPKF1LUN01	17:07:36	26.85K
WASSRSQALZ4LUN03	05:07:06	26.73K
TSQLGXKF1LUN01	16:17:06	26.49K
TSQLGXKF1LUN01	12:21:31	26.29K
PSQLGMKF1LUN01	15:42:36	26.15K
PSQLGMKF1LUN01	16:42:36	25.37K
DSQLFULLV1LUN03	17:07:06	25.24K
WASSBDEVLZ1LUN01	22:22:36	25.19K
DSQLGIALUN001	09:46:31	25.17K
WASSBDEVLZ2LUN01	05:02:06	25.13K
WASSRS247LUN01	22:37:06	24.71K
PSQLGVPKF1LUN01	05:32:36	24.43K
WASSRS247LUN01	05:07:06	23.85K
WASSBDEVLZ3LUN01	05:02:06	23.84K
PSQLGVPKF1LUN01	10:42:01	23.78K
PSQLGVPKF1LUN01	04:12:36	23.75K
DB2SRSPRDLUN01SSSNP-backup	05:07:06	23.49K
WASSBPRDLZ1LUN03SSSNP-backup	03:17:36	23.17K
PSQLOAL6LUN01	19:07:36	23.17K
PSQLOAL6LUN01	06:12:01	22.57K
PSQLOAL6LUN01	06:42:01	22.55K
PSQLBP6LUN01	10:12:01	22.45K
WASSBQALZ2LUN01	05:07:06	22.30K
PSQLBP6LUN01	10:52:01	22.28K
WASSBQALZ2LUN01	05:02:06	22.20K
PSQLBP6LUN01	10:42:01	22.02K
PSQLBP6LUN01	09:52:01	22.02K
PSQLBP5LUN01	17:02:36	21.80K
PSQLBP6LUN01	11:22:01	21.77K
PSQLBP5LUN01	07:57:01	21.75K
DB2SRSPRELUN01	05:07:06	21.54K
WASRSPRE247LUN01	22:17:06	21.51K
WASSRSDEVLZ2LUN2	03:27:36	21.35K
PSQLGMKF1LUN01	18:17:06	21.15K
IIBQAGZLUN001	05:02:36	21.07K
WASSPRDGZ1LUN05	22:37:06	20.95K
PSQLBP5LUN01	21:17:36	20.87K
WASSBDEVLZ1LUN01	05:07:36	20.83K
PSQLBP5LUN01	13:16:31	20.80K
WASRSPRE247LUN01	05:07:06	20.45K
WASRSPRELUN02	05:12:36	20.33K
DB2SRSPRELUN01	05:07:36	20.03K
DB2SRSPRELZ2LUN01	05:07:06	19.56K
DB2SRSPRELZ2LUN01	05:07:36	19.47K
WASSBDEVLZ3LUN01	22:22:06	19.44K
WASSBDEVLZ2LUN01	05:07:06	19.18K
PSQLGTACT1LUN03	12:01:31	18.96K
DB2SRSPRD2LUN01	05:12:06	18.79K
WASSRSDEVLZ3LUN03	05:02:06	18.51K
WASSBDEVLZ3LUN01	05:07:06	18.14K
WASSBDEVLZ2LUN01	22:22:06	17.91K
DB2SRSQALZ1LUN03	05:07:06	17.71K
DB2SRSQALZ2LUN03	05:42:06	17.57K
DB2SRSQALZ1LUN03	08:56:31	17.48K
DB2SRSQALZ1LUN03	16:57:06	17.46K
WASSRSDEVLZ11LUN1	05:02:36	17.40K
DB2SRSQALZ1LUN03	02:57:06	17.19K
DB2SRSQALZ1LUN03	09:26:31	17.14K
SRMAAPRDLZ1LUN03	04:47:36	16.83K
DB2SRSQA3LUN001	05:07:06	16.63K
WASSBPRDLZ1LUN03SSSNP-backup	02:02:06	16.34K
WASSRS247LUN01	05:12:06	16.04K
WASSRSQALZ4LUN03	05:02:06	15.79K
WASSBQALZLUN03	05:02:36	15.52K
WASSBPRDLZ1LUN03SSSNP-backup	21:07:06	14.79K
PSQLGMKF1LUN03	12:16:31	14.70K
IIBPRDGZLUN001	05:02:36	14.67K
DB2SRSQALZ4LUN02	05:07:06	14.61K
DB2SRSPRDLUN01SSSNP-backup	21:27:36	14.52K
PSQLGVPKF1LUN02	05:32:36	14.35K
PSQLGVPKF1LUN02	04:12:36	14.27K
LIBQA2FSLUN01	16:02:36	14.13K
DB2SRSQALZ4LUN02	14:57:06	14.08K
PSQLGVPKF1LUN02	10:42:01	13.97K
PSQLGVPKF1LUN02	01:07:36	13.97K
PSQLGVPKF1LUN02	01:12:36	13.95K
LIBQA2FSLUN01	20:32:36	13.88K
DB2SRSQA3LUN001	05:07:36	13.87K
LIBQA2FSLUN01	01:02:36	13.62K
LIBQA2FSLUN01	23:32:36	13.60K
LIBQA2FSLUN01	17:32:36	13.35K
WASRSPRE247LUN01	05:07:36	13.33K
DB2SRSQALZ4LUN02	22:57:06	13.04K
DB2SRSQALZ4LUN02	18:57:06	12.95K
DB2SRSQALZ4LUN02	02:57:06	12.92K
DB2SRSPRELUN01	05:12:06	12.74K
WASSRSPRDZFSLUN02SSSNP-backup	21:07:36	12.63K
IIBPRDGZLUN001	05:07:06	12.56K
WASSBPRDLZ1LUN03SSSNP-qalz2	05:32:36	12.53K
IIBQAGZLUN001	05:07:06	12.53K
PSQLOAL4LUN1	06:22:01	12.42K
DB2SRSPRDLUN01SSSNP-qalz3	16:07:06	12.39K
PSQLOAL4LUN1	12:42:01	12.25K
IIBPRDGZLUN001	05:02:06	12.18K
DSQLGIALUN001	17:32:06	12.04K
PSQLOAL4LUN1	12:32:01	11.87K
SRMAAPRDLZ1LUN03	04:52:06	11.47K
SRMAAPRDLZ1LUN03	04:12:36	11.17K
PSQLOAL4LUN1	06:12:01	11.15K
DB2SRSPRELZ2LUN01	05:12:06	10.99K
IIBPRDGZLUN001	05:07:36	10.93K
DB2SRSPRDLUN01SSSNP-devlz1	05:02:36	10.80K
DB2SRSPRD2LUN01	05:07:06	10.64K
PSQLGIANTCL4LUN01	18:17:36	10.57K
DB2SRSPRDLUN01SSSNP-devlz3	11:21:31	10.56K
PSQLGIANTCL4LUN01	02:17:36	10.55K
PSQLGIANT3-4LUN02	02:12:36	10.53K
PSQLGIANTCL4LUN01	20:17:36	10.42K
DSQLSHARED2LUN01	13:16:01	10.36K
PSQLGIANTCL4LUN01	20:07:36	10.23K
WASRSPRELUN02	05:17:06	10.20K
DSQLFULLV1LUN03	20:02:06	10.13K
PSQLGIANT3-4LUN03	11:21:31	10.09K
PSQLGIANT3-4LUN02	18:42:36	10.07K
PSQLOAL5ALUN1	13:06:31	9.90K
PSQLGIANTCL4LUN01	22:27:36	9.90K
PSQLGIANT3-4LUN02	23:22:36	9.88K
DB2SRSPRD2LUN01	06:56:31	9.84K
PSQLGIANT3-4LUN02	22:02:36	9.82K
IIBQAGZLUN001	05:02:06	9.81K
PSQLGIANT3-4LUN02	20:32:36	9.80K
WASSBQALZLUN03	05:07:06	9.67K
WASSBPRDLZ1LUN03SSSNP-qalz2	05:07:06	9.51K
DSQLSHARED4LUN01	10:16:31	9.31K
SRMAAPRDLZ1LUN03	04:12:06	9.17K
DSQLSHARED4LUN01	05:17:06	9.10K
WASSBPRDLZ1LUN03SSSNP-qalz2	05:37:36	9.07K
WASSBPRDLZ1LUN03SSSNP-qalz2	05:37:06	9.07K
PSQLGIANT3-4LUN05	09:17:01	8.98K
DSQLSHARED4LUN01	03:02:06	8.92K
DB2SBDEVLZ2LUN01	05:07:06	8.82K
DB2SBDEVLZ2LUN01	05:02:36	8.82K
IIBQAGZLUN001	05:07:36	8.80K
DSQLFULLV1LUN02	14:12:06	8.78K
PSQLGIANT3-4LUN03	23:32:06	8.70K
DB2SRSDEVLZ11LUN1	05:07:06	8.68K
DB2SRSPRDLUN01SSSNP-db2srsdevlz2	05:02:36	8.67K
WASSBQALZ2LUN01	22:22:36	8.55K
DB2SRSPRDLUN01SSSNP-qalz3	15:52:06	8.53K
DSQLSHARED4LUN01	01:02:06	8.39K
DB2SRSQA3LUN001	05:12:06	8.34K
DB2SBDEVLZ2LUN01	12:16:31	8.09K
SRMAAPRDLZ1LUN03	04:17:06	8.04K
PSQLOAL6ALUN1	20:07:36	8.03K
WASSBQALZLUN03	00:12:06	8.01K
WASSRSQALZ4LUN03	05:02:36	8.00K
PSQLGDKF1LUN04	09:57:01	8.00K
DB2SRSPRDLUN01SSSNP-prelz1	16:27:06	7.95K
DB2SBDEVLZ2LUN01	21:17:06	7.92K
WASSBQALZ2LUN01	05:07:36	7.75K
DB2SBDEVLZ2LUN01	12:46:31	7.62K
PSQLOAL5ALUN1	08:27:01	7.57K
WASSBQALZLUN03	05:02:06	7.51K
DB2SRSPRDLUN01SSSNP-backup	00:02:36	7.48K
SAPPRDBWOSLUN01	12:02:01	7.47K
PSQLGIANT3-4LUN03	19:07:36	7.25K
SAPPRDBWOSLUN01	20:32:36	7.20K
SAPPRDBWOSLUN01	14:22:36	7.20K
SAPPRDBWOSLUN01	05:07:36	7.20K
TSQLGXKF1LUN01	02:02:06	7.19K
DB2SRSPRDLUN01SSSNP-devlz3	02:12:06	7.16K
SAPPRDBWOSLUN01	05:07:06	6.96K
WASSBQALZLUN03	05:12:06	6.95K
DB2SRSDEVLZ11LUN1	05:02:36	6.93K
PSQLGMKF1LUN03	12:11:31	6.79K
DB2SRSPRDLUN01SSSNP-devlz3	04:17:06	6.62K
WASSRSPRDLUN01	05:12:06	6.55K
PSQLGMKF1LUN04	12:42:01	6.55K
PSQLGMKF1LUN04	02:17:36	6.53K
DSQLBP6LUN01	06:17:01	6.43K
DB2SRSQA3LUN001	21:02:36	6.43K
DB2SRSPRELUN01	21:07:36	6.43K
DB2SRSPRELUN01	05:12:36	6.43K
PSQLGMKF1LUN04	19:12:36	6.40K
PPSQLGIANT5LUN01	22:42:36	6.40K
IIBPRDGZLUN001	05:12:06	6.40K
DB2SBQALZ2LUN01	05:02:36	6.40K
IIBQAGZLUN001	05:12:06	6.28K
DB2SRSQA3LUN001	05:12:36	6.15K
DB2SRSPRDLUN01SSSNP-devlz3	10:31:31	6.15K
IIBPRD1LUN005	05:02:36	6.13K
PSQLGDKF1LUN04	10:02:01	6.00K
WASSPRDGZ1LUN05	09:12:01	5.98K
DSQLSHARED3LUN01	13:51:31	5.93K
DB2SRSPRDLUN01SSSNP-qalz3	16:12:06	5.87K
DB2SRSPRDLUN01SSSNP-qalz2	04:57:06	5.85K
DB2SRSDEVLZ3LUN03	05:07:06	5.84K
DB2SRSPRDLUN01SSSNP-devlz3	22:02:06	5.73K
DSQLBP6LUN01	07:17:01	5.72K
PSQLOAL5ALUN1	08:12:01	5.65K
DB2SRSPRELZ2LUN01	05:12:36	5.60K
DSQLBP6LUN01	09:17:01	5.58K
DB2SRSDEVLZ11LUN1	05:02:06	5.54K
WASRSPRE247LUN01	05:12:06	5.48K
DSQLBP6LUN01	08:17:01	5.45K
DSQLBP6LUN01	10:17:01	5.42K
WASSPRDGZ1LUN05	19:57:36	5.38K
DB2SRSPRDLUN01SSSNP-qalz2	05:07:06	5.35K
DB2SRSPRDLUN01SSSNP-devlz1	05:07:06	5.20K
WASSPRDGZ1LUN05	13:16:31	5.18K
PSQLBP5ALUN01	18:12:36	5.17K
WASSRSPRDZFSLUN01SSSNP-backup	21:27:36	5.15K
WASSPRDGZ1LUN05	19:27:36	5.12K
WASSRSQALZ4LUN03	10:22:01	5.10K
WASSRSQALZ4LUN03	03:07:36	5.08K
PSQLBP5ALUN01	04:12:36	5.05K
PSQLBP5ALUN01	00:12:36	5.03K
DB2SBQALZ2LUN01	05:02:06	4.95K
DB2SRSPRDLUN01SSSNP-qalz2	13:21:31	4.93K
PSQLBP5ALUN01	22:12:36	4.90K
PSQLBP5ALUN01	20:12:36	4.90K
DB2SRSAPPLUN01	05:02:06	4.83K
DB2SRSPRDLUN01SSSNP-qalz2	02:52:06	4.82K
DB2SRSPRDLUN01SSSNP-qalz4	05:07:06	4.76K
DSQLFULLV1LUN03	11:51:31	4.74K
PSQLOAL5ALUN1	06:52:01	4.71K
DB2SBQALZ2LUN01	05:07:06	4.65K
PSQLBP6ALUN01	08:37:01	4.63K
PSQLOAL5ALUN1	08:52:01	4.60K
PSQLOAL4ALUN1	13:06:31	4.57K
WASSRSPRDLUN01	05:12:36	4.53K
PSQLGMKF1LUN04	21:07:36	4.53K
PSQLGMKF1LUN04	18:07:36	4.53K
PSQLOAL6ALUN1	19:12:06	4.51K
PSQLOA7ALUN01	18:07:36	4.50K
PSQLBP6ALUN01	10:37:01	4.50K
PSQLBP6ALUN01	07:37:01	4.50K
DSQLSHARED3LUN01	15:52:36	4.47K
PSQLOAL4ALUN1	19:12:06	4.44K
WASSRSPRDLUN01	05:17:06	4.42K
PSQLBP6ALUN01	09:37:01	4.40K
DB2SRSPRDLUN01SSSNP-qalz1	05:07:36	4.40K
WLSDDEVLUN04	22:57:36	4.38K
WLSDDEVLUN04	22:52:36	4.38K
WLSDDEVLUN04	22:47:36	4.38K
WLSDDEVLUN04	22:42:36	4.38K
WLSDDEVLUN04	16:07:36	4.38K
PSQLBP6ALUN01	06:37:01	4.37K
PSQLOAL4ALUN1	14:06:31	4.30K
DB2SRSPRELZ2LUN01	21:02:36	4.27K
PSQLOAL4ALUN1	03:02:36	4.22K
DB2SRSPRDLUN01SSSNP-qalz1	05:07:06	4.22K
DSQLSHARED3LUN01	14:52:36	4.20K
DSQLSHARED3LUN01	10:57:01	4.20K
DSQLSHARED3LUN01	09:57:01	4.20K
PSQLOAL4ALUN1	05:02:36	4.15K
DB2SRSPRDLUN01SSSNP-qalz2	13:41:31	4.13K
DSQLIT4LUN01	10:47:01	4.12K
DSQLIT4LUN01	06:47:01	4.12K
DB2SRSPRDLUN01SSSNP-qalz4	05:02:06	4.10K
DB2SRSAPPLUN01	05:12:06	4.09K
PSQLOAL6ALUN1	10:22:01	4.02K
PSQLGDKF1LUN04	21:57:36	4.00K
DB2SRSDEVLZ11LUN1	09:32:01	4.00K
DSQLIT4LUN01	07:47:01	3.98K
PSQLOAL6ALUN1	02:07:36	3.88K
DSQLIT5LUN01	02:57:36	3.87K
DSQLIT5LUN01	05:57:36	3.85K
DSQLIT4LUN01	09:47:01	3.85K
DSQLFULLV1LUN03	10:41:31	3.85K
IIBPRD1LUN005	05:07:06	3.76K
IIBQALZ1LUN001	05:02:36	3.73K
IIBPRD1LUN005	05:07:36	3.73K
DB2SRSDEVLZ11LUN1	13:46:31	3.73K
DSQLIT5LUN01	04:57:36	3.72K
DSQLIT4LUN01	08:47:01	3.72K
WASSRSPRDZFSLUN02SSSNP-backup	21:27:36	3.67K
DB2SRSPRDLUN01SSSNP-qalz1	16:47:06	3.66K
DSQLIT5LUN01	03:57:36	3.58K
IIBPRD1LUN005	05:02:06	3.53K
DSQLFULLV1LUN02	14:42:06	3.46K
IIBQALZ1LUN001	05:07:06	3.44K
PSQLOA7ALUN01	04:07:36	3.43K
DSQLFULLV1LUN02	14:17:06	3.43K
PPSQLGIANT3LUN01	14:57:06	3.42K
DB2SRSPRDLUN01SSSNP-db2srsdevlz2	05:12:06	3.42K
DB2SRSPRDLUN01SSSNP-qalz1	14:42:06	3.39K
DB2SRSPRDLUN01SSSNP-qalz1	05:12:06	3.39K
IIBQALZ1LUN001	05:02:06	3.35K
DSQLIT3LUN01	10:47:01	3.33K
DB2SRSPRDLUN01SSSNP-prelz1	05:07:36	3.33K
IIBQALZ1LUN001	14:47:36	3.31K
IIBPRD1LUN005	14:47:36	3.31K
PSQLOAL6ALUN1	08:12:01	3.30K
DB2SRSPRDLUN01SSSNP-db2srsdevlz2	05:02:06	3.30K
IIBQALZ1LUN001	06:11:31	3.24K
DSQLIT3LUN01	06:47:01	3.20K
DB2SRSAPPLUN01	05:02:36	3.20K
WASSRSPRDZFSLUN01SSSNP-backup	02:07:36	3.18K
DSQLFULLV1LUN02	20:02:06	3.18K
PSQLOA7ALUN01	16:47:36	3.13K
DB2SRSPRDLUN01SSSNP-prelz1	05:07:06	3.13K
PSQLOA7ALUN01	14:47:36	3.10K
DSQLIT3LUN01	11:47:01	3.07K
DSQLIT3LUN01	09:47:01	3.07K
DSQLIT3LUN01	08:47:01	3.07K
DB2SRSPRDLUN01SSSNP-devlz1	05:02:06	3.07K
PSQLOA7ALUN01	04:47:36	3.05K
DSQLIT5LUN01	14:57:36	3.03K
PSQLOAL3ALUN1	08:22:01	2.95K
WASRSPRE247LUN01	05:12:36	2.93K
PSQLOAL3ALUN1	08:12:01	2.87K
DSQLGTACT1LUN01	14:42:06	2.86K
PSQLGMKF1LUN02	12:27:01	2.85K
PSQLOAL3ALUN1	11:42:01	2.83K
PSQLOAL3ALUN1	07:42:01	2.83K
PSQLOAL3ALUN1	06:42:01	2.83K
DB2SRSPRDLUN01SSSNP-prelz2	05:07:06	2.83K
PSQLCPR1LUN01	12:17:01	2.82K
PSQLCPR1LUN01	11:17:01	2.80K
DB2SRSPRDLUN01SSSNP-devlz1	10:47:01	2.80K
PSQLGMKF1LUN02	13:41:31	2.78K
PSQLGMKF1LUN02	12:17:01	2.78K
DB2SBQALZ2LUN01	05:32:06	2.78K
PSQLGMKF1LUN02	12:57:01	2.75K
PSQLGMKF1LUN02	12:42:01	2.75K
DB2SBQALZ2LUN01	05:12:06	2.73K
PSQLCPR1LUN01	10:17:01	2.67K
PSQLCPR1LUN01	08:17:01	2.67K
PSQLCPR1LUN01	07:17:01	2.67K
DB2SRSDEVLZ3LUN03	11:17:01	2.67K
DB2SRSDEVLZ3LUN03	09:52:01	2.67K
WASSRSPRDZFSLUN02SSSNP-qalz2	14:22:06	2.66K
PSQLGIANTCL4LUN05	18:42:06	2.65K
DSQLBP5LUN01	01:02:36	2.65K
DSQLBP5LUN01	22:12:36	2.63K
DSQLBP5LUN01	01:12:36	2.63K
DSQLBP5LUN01	02:42:36	2.60K
DSQLFULLV1LUN01	11:47:01	2.58K
WASSRSPRDZFSLUN02SSSNP-devlz1	05:02:36	2.57K
DB2SRSPRDLUN01SSSNP-prelz2	05:12:06	2.56K
PPSQLGIANT3LUN01	12:47:01	2.53K
DSQLBP5LUN01	13:06:31	2.52K
DSQLIT6LUN01	13:46:31	2.40K
DB2SRSPRDLUN01SSSNP-prelz2	21:52:36	2.40K
DB2SRSPRDLUN01SSSNP-prelz2	21:02:36	2.40K
DB2SRSPRDLUN01SSSNP-prelz1	21:52:36	2.40K
DB2SRSPRDLUN01SSSNP-prelz1	21:02:36	2.40K
DB2SRSDEVLZ3LUN03	22:42:36	2.40K
DB2SRSDEVLZ3LUN03	21:17:36	2.40K
WASSRSPRDZFSLUN01SSSNP-backup	21:27:06	2.38K
DSQLIT6LUN01	06:42:01	2.38K
DSQLFULLV1LUN01	14:12:36	2.35K
DSQLGTACT1LUN01	08:36:31	2.30K
DSQLSHARED2LUN01	10:27:01	2.23K
DB2SRSAPPLUN01	14:47:36	2.21K
DB2SRSAPPLUN01	05:17:06	2.19K
REMINT1LUN03	05:02:36	2.13K
DSQLSHARED2LUN01	12:37:01	2.13K
DSQLSHARED2LUN01	10:47:01	2.12K
DSQLSHARED2LUN01	09:47:01	2.12K
REMINT1LUN03	05:02:06	2.10K
WASSRSPRDZFSLUN02SSSNP-qalz2	02:52:06	2.09K
DSQLIT6LUN01	06:22:01	2.07K
WASSRSPRDZFSLUN02SSSNP-prelz1	07:32:01	2.03K
TSQLGIALUN001	09:02:01	2.00K
DSQLIT6LUN01	13:56:31	2.00K
DB2SRSPRDLUN01SSSNP-qalz4	02:07:36	2.00K
DB2SRSPRDLUN01SSSNP-prelz2	05:07:36	2.00K
DB2SRSPRDLUN01SSSNP-devlz1	22:57:36	2.00K
DB2SRSPRDLUN01SSSNP-db2srsdevlz2	05:12:36	2.00K
REMINT1LUN03	05:07:06	1.99K
DB2SRSPRDLUN01SSSNP-qalz4	02:07:06	1.97K
DB2SRSPRDLUN01SSSNP-db2srsdevlz2	05:17:06	1.94K
WLSTQDEVLUN01	17:22:36	1.90K
PSQLGTACT1LUN03	11:36:31	1.90K
DSQLIT6LUN01	13:36:31	1.90K
REMINT1LUN03	05:07:36	1.87K
WASSRSPRDZFSLUN01SSSNP-db2srsdevlz2	05:02:36	1.83K
DB2SRSPRDLUN01SSSNP-qalz4	14:57:06	1.82K
WASSRSPRDZFSLUN02SSSNP-db2srsdevlz2	05:02:36	1.77K
PPSQLGIANT5LUN01	20:42:06	1.63K
REMINT1LUN03	05:12:06	1.60K
PPSQLGIANT5LUN01	18:12:36	1.58K
WASSRSPRDZFSLUN01SSSNP-db2srsdevlz2	05:02:06	1.57K
PPSQLGIANT5LUN01	04:12:36	1.52K
WASSRSPRDZFSLUN02SSSNP-qalz1	05:07:36	1.50K
WASSRSPRDZFSLUN01SSSNP-db2srsdevlz2	05:12:06	1.48K
PSQLGIANT3-4LUN05	06:41:31	1.46K
PSQLGIANT3-4LUN05	22:57:06	1.43K
PSQLGIANT3-4LUN05	20:22:06	1.43K
PSQLGIANT3-4LUN05	15:07:06	1.43K
WASSRSPRDZFSLUN01SSSNP-prelz2	05:07:06	1.39K
PPSQLGIANT5LUN01	23:02:36	1.25K
DSQLFULLV1LUN01	14:12:06	1.24K
TSQLGIANTLUN01	21:22:36	1.23K
TSQLGIANTLUN01	20:22:36	1.23K
TSQLGIANTLUN01	20:12:36	1.23K
TSQLGIANTLUN01	19:22:36	1.23K
TSQLGIANTLUN01	03:02:36	1.23K
PPSQLGIALUN001	22:52:36	1.23K
PPSQLGIALUN001	22:12:36	1.23K
PPSQLGIALUN001	22:02:36	1.23K
PPSQLGIALUN001	21:22:36	1.23K
PPSQLGIALUN001	19:32:36	1.23K
PSQLGTACT1LUN04	09:06:31	1.11K
PSQLGIANTCL4LUN05	10:16:31	1.09K
WASSRSPRDZFSLUN02SSSNP-backup	01:32:06	1.08K
PSQLGTACT1LUN03	23:32:06	1.05K
WASSRSPRDZFSLUN01SSSNP-prelz2	05:07:36	1.03K
WASSRSPRDZFSLUN02SSSNP-backup	21:27:06	1.02K
PSQLGTACT1LUN04	23:32:06	1.02K
WASSRSPRDZFSLUN01SSSNP-prelz2	21:52:36	1.00K
WASSRSPRDZFSLUN01SSSNP-prelz2	21:02:36	1.00K
PPSQLGIANT3LUN01	13:06:31	1007.00
WASSRSPRDZFSLUN02SSSNP-qalz2	20:52:36	990.00
WASSRSPRDZFSLUN02SSSNP-qalz2	13:21:31	990.00
WASSRSPRDZFSLUN02SSSNP-qalz2	13:11:31	990.00
WASSRSPRDZFSLUN02SSSNP-devlz3	22:52:36	990.00
WASSRSPRDZFSLUN02SSSNP-devlz3	14:32:36	990.00
WASSRSPRDZFSLUN02SSSNP-devlz3	13:11:31	990.00
PSQLGIANTCL4LUN05	23:57:06	967.00
PSQLGTACT1LUN04	12:06:31	910.00
DSQLFULLV1LUN01	10:17:01	905.00
WLSTQPRDGZ1LUN03	22:17:36	887.00
WLSTQPRDGZ1LUN03	21:52:36	887.00
WLSTQPRDGZ1LUN03	21:02:36	887.00
WLSTQPRDGZ1LUN03	20:52:36	887.00
WLSTQPRDGZ1LUN03	20:27:36	887.00
PSQLGIANTCL4LUN05	05:07:06	876.00
DSQLFULLV1LUN01	11:51:31	874.00
WASSRSPRDZFSLUN01SSSNP-prelz2	05:12:06	846.00
TSQLGTACT1LUN01	22:52:36	836.00
TSQLGTACT1LUN01	17:32:36	836.00
TSQLGTACT1LUN01	16:52:36	836.00
TSQLGTACT1LUN01	14:52:36	836.00
TSQLGTACT1LUN01	14:06:31	836.00
PSQLEVEREST1ALUN01	12:47:01	836.00
PSQLEVEREST1ALUN01	08:47:01	836.00
PPSQLGIANT3LUN01	19:42:36	836.00
PPSQLGIANT3LUN01	19:32:36	836.00
WASSRSPRDZFSLUN02SSSNP-devlz3	05:07:06	808.00
WASSRSPRDZFSLUN01SSSNP-db2srsdevlz2	05:12:36	785.00
WASSRSPRDZFSLUN02SSSNP-devlz1	05:07:06	778.00
WASSRSPRDZFSLUN01SSSNP-db2srsdevlz2	05:17:06	724.00
WASSRSPRDZFSLUN02SSSNP-prelz1	16:27:06	717.00
WASSRSPRDZFSLUN02SSSNP-prelz1	14:52:36	717.00
WASSRSPRDZFSLUN02SSSNP-prelz1	05:07:36	717.00
WASSRSPRDZFSLUN02SSSNP-devlz3	20:02:36	717.00
PSQLEVEREST1ALUN01	12:37:01	700.00
PSQLEVEREST1ALUN01	11:57:01	700.00
PSQLEVEREST1ALUN01	11:37:01	700.00
WASSRSPRDZFSLUN02SSSNP-qalz4	05:07:06	687.00
PSQLGTACT1LUN04	09:16:31	683.00
DB2SRSPRDLZ1LUN01SSSNP-backup	21:07:36	631.00
WASSRSPRDZFSLUN02SSSNP-qalz4	05:02:06	626.00
WASSRSPRDZFSLUN02SSSNP-qalz1	05:07:06	626.00
WASSRSPRDZFSLUN02SSSNP-db2srsdevlz2	05:12:06	596.00
WASSRSPRDZFSLUN02SSSNP-qalz1	07:21:31	565.00
PSQLGIANTCL4LUN05	14:06:31	563.00
PSQLGIANT3-4LUN04	20:02:06	542.00
PSQLGIANT3-4LUN04	08:01:31	523.00
WASSRSPRDZFSLUN02SSSNP-prelz2	05:07:06	505.00
PSQLGIANTCL4LUN02	15:02:06	497.00
PSQLGIANT3-4LUN04	06:07:01	488.00
WASSRSPRDZFSLUN02SSSNP-prelz1	05:07:06	474.00
WASSRSPRDZFSLUN02SSSNP-db2srsdevlz2	05:02:06	474.00
PSQLGIANTCL4LUN02	20:02:06	470.00
TSQLGIALUN001	12:01:31	455.00
DSQLFULLV1LUN04	12:01:31	455.00
WASSRSPRDZFSLUN02SSSNP-qalz1	23:02:36	444.00
WASSRSPRDZFSLUN02SSSNP-qalz1	18:57:36	444.00
WASSRSPRDZFSLUN02SSSNP-prelz2	05:12:36	444.00
WASSRSPRDZFSLUN02SSSNP-prelz2	05:07:36	444.00
WASSRSPRDZFSLUN02SSSNP-devlz1	19:37:36	444.00
WASSRSPRDZFSLUN02SSSNP-devlz1	15:32:36	444.00
WASSRSPRDZFSLUN02SSSNP-devlz1	09:37:01	444.00
SRMEPAPPRDLUN03	04:02:36	444.00
PSQLGIANT3-4LUN04	16:02:06	427.00
PSQLGTACT1LUN04	23:37:06	425.00
PSQLGIANTCL4LUN02	05:02:06	400.00
PSQLGIANTCL4LUN02	12:01:31	394.00
DB2SRSPRDLZ1LUN01SSSNP-prdlz2	05:42:06	355.00
WASSRSPRDZFSLUN02SSSNP-qalz4	14:57:06	353.00
WASSRSPRDZFSLUN02SSSNP-prelz2	21:52:36	341.00
WASSRSPRDZFSLUN02SSSNP-prelz2	21:02:36	341.00
PSQLGDKF1LUN03	10:06:31	334.00
PSQLGIANTCL4LUN02	22:12:36	324.00
PSQLGIANT3-4LUN04	21:07:36	324.00
WASSRSPRDZFSLUN02SSSNP-qalz4	17:47:06	323.00
SRMEPAPPRDLUN03	04:52:06	323.00
SRMEPAPPRDLUN03	02:17:36	273.00
SRMEPAPPRDLUN03	01:52:36	273.00
PSQLGMKF1LUN03	22:47:36	273.00
PSQLGMKF1LUN03	22:42:36	273.00
PSQLGMKF1LUN03	22:27:36	273.00
WASSRSPRDZFSLUN02SSSNP-db2srsdevlz2	05:17:06	262.00
PSQLGDKF1LUN03	23:27:06	243.00
DSQLCPR2LUN01	18:27:06	243.00
WASSRSPRDZFSLUN02SSSNP-qalz4	19:52:06	232.00
SRMEPAPPRDLUN03	04:07:06	232.00
TSQLGIALUN001	22:02:06	228.00
TSQLGIALUN001	20:02:06	228.00
TSQLGIALUN001	19:02:06	228.00
DSQLFULLV1LUN04	21:02:06	228.00
DSQLFULLV1LUN04	18:02:06	228.00
DSQLFULLV1LUN04	16:02:06	228.00
DSQLFULLV1LUN04	15:02:06	228.00
PSQLGDKF1LUN03	23:12:06	212.00
WASSRSPRDZFSLUN02SSSNP-db2srsdevlz2	05:07:06	201.00
WLSCTDEVLUN01	14:47:36	141.00
WLSCTDEV2LUN05	14:47:36	141.00
WLSCTDEVLUN01	06:11:31	139.00
WLSCTDEV2LUN05	06:11:31	139.00
WLSCTDEVLUN01	23:57:36	137.00
WLSCTDEVLUN01	23:57:06	137.00
WLSCTDEVLUN01	23:52:36	137.00
WLSCTDEV2LUN05	23:57:36	137.00
WLSCTDEV2LUN05	23:57:06	137.00
WLSCTDEV2LUN05	23:52:36	137.00
DSQLCPR2LUN01	07:56:31	121.00
PMDZCL1LUN01	09:27:01	102.00
SQLEN1LUN01	14:01:31	68.00
SQLEN1LUN01	13:31:31	68.00
SEN3QUORUM	13:51:31	68.00
SEN3QUORUM13	23:32:36	68.00
SEN3QUORUM13	23:02:36	68.00
SEN3QUORUM13	22:02:36	68.00
SEN3QUORUM13	21:32:36	68.00
SEN3QUORUM	13:21:31	68.00
SEN3QUORUM13	20:32:36	68.00
SEN3QOURUM9	12:47:01	68.00
SEN3QOURUM9	12:17:01	68.00
SEN3QOURUM9	11:47:01	68.00
SEN3QOURUM9	11:17:01	68.00
SEN3QOURUM9	10:47:01	68.00
HOST5QUORUM1	12:37:01	68.00
HOST5QUORUM1	12:07:01	68.00
HOST5QUORUM1	11:37:01	68.00
HOST5QUORUM1	11:07:01	68.00
HOST5QUORUM1	10:37:01	68.00
PMDZCL1LUN01	09:26:31	38.00
PMDZCL1LUN01	12:57:01	34.00
PMDZCL1LUN01	12:27:01	34.00
PMDZCL1LUN01	11:57:01	34.00
PSQLGDDS1LUN04	14:37:06	30.00
PSQLGDDS1LUN04	07:51:31	30.00
DSQLCPR2LUN01	18:37:06	30.00
SQLEN1LUN01	12:02:01	17.00
SQLEN1LUN01	02:12:36	17.00
SEN3QUORUM	02:22:06	9.00
SBLCL3LUN06	03:02:06	9.00
POC-QUORUMLUN01	20:17:06	9.00
SQLEN1LUN01	23:32:06	8.00
SEN3QUORUM	23:52:06	8.00
SEN3QUORUM	23:22:06	8.00
SBLCL3LUN06	23:32:06	8.00
SBLCL3LUN06	23:02:06	8.00
SBLCL3LUN06	22:32:06	8.00
SBLCL3LUN06	22:02:06	8.00
POC-QUORUMLUN01	23:47:06	4.00
POC-QUORUMLUN01	23:17:06	4.00
POC-QUORUMLUN01	22:47:06	4.00
POC-QUORUMLUN01	22:17:06	4.00
DGIANT4LUN002	23:37:06	4.00
DGIANT4LUN002	23:07:06	4.00
DGIANT4LUN002	22:37:06	4.00
DGIANT4LUN002	22:07:06	4.00
DGIANT4LUN002	21:37:06	4.00
ZFSDISKLUN001	23:57:36	0.00
ZFSDISKLUN001	23:57:06	0.00
ZFSDISKLUN001	23:52:36	0.00
ZFSDISKLUN001	23:52:06	0.00
ZFSDISKLUN001	23:47:36	0.00
WLSTQDEVLUN01	23:57:36	0.00
WLSTQDEVDZ2LUN04	23:57:36	0.00
WLSTQDEVDZ2LUN04	23:57:06	0.00
WLSTQDEVDZ2LUN04	23:52:36	0.00
WLSTQDEVDZ2LUN04	23:52:06	0.00
WLSTQDEVDZ2LUN04	23:47:36	0.00
WLSIDEVZFSLUN01	23:57:36	0.00
WLSIDEVZFSLUN01	23:57:06	0.00
WLSIDEVZFSLUN01	23:52:36	0.00
WLSIDEVZFSLUN01	23:52:06	0.00
WLSIDEVZFSLUN01	23:47:36	0.00
WLSDDEVLUN03	23:57:36	0.00
WLSDDEVLUN03	23:57:06	0.00
WLSDDEVLUN03	23:52:36	0.00
WLSDDEVLUN03	23:52:06	0.00
WLSDDEVLUN03	23:47:36	0.00
WLSDDEVLUN02	23:57:36	0.00
WLSDDEVLUN02	23:57:06	0.00
WLSDDEVLUN02	23:52:36	0.00
WLSDDEVLUN02	23:52:06	0.00
WLSDDEVLUN02	23:47:36	0.00
WLSDDEVLUN01	23:57:36	0.00
WLSDDEVLUN01	23:57:06	0.00
WLSDDEVLUN01	23:52:36	0.00
WLSDDEVLUN01	23:52:06	0.00
WLSDDEVLUN01	23:47:36	0.00
WLSCTDEVPLZ2LUN01	23:57:36	0.00
WLSCTDEVPLZ2LUN01	23:57:06	0.00
WLSCTDEVPLZ2LUN01	23:52:36	0.00
WLSCTDEVPLZ2LUN01	23:52:06	0.00
WLSCTDEVPLZ2LUN01	23:47:36	0.00
WLSCDEVLUN01	23:57:36	0.00
WLSCDEVLUN01	23:57:06	0.00
WLSCDEVLUN01	23:52:36	0.00
WLSCDEVLUN01	23:52:06	0.00
WLSCDEVLUN01	23:47:36	0.00
WASSRSQALZ4LUN01	23:57:36	0.00
WASSRSQALZ4LUN01	23:57:06	0.00
WASSRSQALZ4LUN01	23:52:36	0.00
WASSRSQALZ4LUN01	23:52:06	0.00
WASSRSQALZ4LUN01	23:47:36	0.00
WASSRSQALZ2LUN01	23:57:36	0.00
WASSRSQALZ2LUN01	23:57:06	0.00
WASSRSQALZ2LUN01	23:52:36	0.00
WASSRSQALZ2LUN01	23:52:06	0.00
WASSRSQALZ2LUN01	23:47:36	0.00
WASSRSQALZ1LUN01	23:57:36	0.00
WASSRSQALZ1LUN01	23:57:06	0.00
WASSRSQALZ1LUN01	23:52:36	0.00
WASSRSQALZ1LUN01	23:52:06	0.00
WASSRSQALZ1LUN01	23:47:36	0.00
WASSRSPRDZFSLUN01SSSNP-wassrsgz1	23:57:36	0.00
WASSRSPRDZFSLUN01SSSNP-wassrsgz1	23:57:06	0.00
WASSRSPRDZFSLUN01SSSNP-wassrsgz1	23:52:36	0.00
WASSRSPRDZFSLUN01SSSNP-wassrsgz1	23:52:06	0.00
WASSRSPRDZFSLUN01SSSNP-wassrsgz1	23:47:36	0.00
WASSRSPRDLUN03SSSNP-qalz2	23:57:36	0.00
WASSRSPRDLUN03SSSNP-qalz2	23:57:06	0.00
WASSRSPRDLUN03SSSNP-qalz2	23:52:36	0.00
WASSRSPRDLUN03SSSNP-qalz2	23:52:06	0.00
WASSRSPRDLUN03SSSNP-qalz2	23:47:36	0.00
WASSRSPRDLUN03SSSNP-prelz2	23:57:36	0.00
WASSRSPRDLUN03SSSNP-prelz2	23:57:06	0.00
WASSRSPRDLUN03SSSNP-prelz2	23:52:36	0.00
WASSRSPRDLUN03SSSNP-prelz2	23:52:06	0.00
WASSRSPRDLUN03SSSNP-prelz2	23:47:36	0.00
WASSRSPRDLUN03SSSNP-backup	23:57:36	0.00
WASSRSPRDLUN03SSSNP-backup	23:57:06	0.00
WASSRSPRDLUN03SSSNP-backup	23:52:36	0.00
WASSRSPRDLUN03SSSNP-backup	23:52:06	0.00
WASSRSPRDLUN03SSSNP-backup	23:47:36	0.00
WASSRSPRDLUN01SSSNP-qalz2	23:57:36	0.00
WASSRSPRDLUN01SSSNP-qalz2	23:57:06	0.00
WASSRSPRDLUN01SSSNP-qalz2	23:52:36	0.00
WASSRSPRDLUN01SSSNP-qalz2	23:52:06	0.00
WASSRSPRDLUN01SSSNP-qalz2	23:47:36	0.00
WASSRSPRDLUN01SSSNP-prelz2	23:57:36	0.00
WASSRSPRDLUN01SSSNP-prelz2	23:57:06	0.00
WASSRSPRDLUN01SSSNP-prelz2	23:52:36	0.00
WASSRSPRDLUN01SSSNP-prelz2	23:52:06	0.00
WASSRSPRDLUN01SSSNP-prelz2	23:47:36	0.00
WASSRSPRDLUN01SSSNP-backup	23:57:36	0.00
WASSRSPRDLUN01SSSNP-backup	23:57:06	0.00
WASSRSPRDLUN01SSSNP-backup	23:52:36	0.00
WASSRSPRDLUN01SSSNP-backup	23:52:06	0.00
WASSRSPRDLUN01SSSNP-backup	23:47:36	0.00
WASSRSDEVLZ3LUN01	23:57:36	0.00
WASSRSDEVLZ3LUN01	23:57:06	0.00
WASSRSDEVLZ3LUN01	23:52:36	0.00
WASSRSDEVLZ3LUN01	23:52:06	0.00
WASSRSDEVLZ3LUN01	23:47:36	0.00
WASSRSDEVLZ2LUN01	23:57:36	0.00
WASSRSDEVLZ2LUN01	23:57:06	0.00
WASSRSDEVLZ2LUN01	23:52:36	0.00
WASSRSDEVLZ2LUN01	23:52:06	0.00
WASSRSDEVLZ2LUN01	23:47:36	0.00
WASSRSDEVLZ1LUN01	23:57:36	0.00
WASSRSDEVLZ1LUN01	23:57:06	0.00
WASSRSDEVLZ1LUN01	23:52:36	0.00
WASSRSDEVLZ1LUN01	23:52:06	0.00
WASSRSDEVLZ1LUN01	23:47:36	0.00
WASSRS247LUN01SSSNP-qalz2	23:57:36	0.00
WASSRS247LUN01SSSNP-qalz2	23:57:06	0.00
WASSRS247LUN01SSSNP-qalz2	23:52:36	0.00
WASSRS247LUN01SSSNP-qalz2	23:52:06	0.00
WASSRS247LUN01SSSNP-qalz2	23:47:36	0.00
WASSRS247LUN01SSSNP-prelz2	23:57:36	0.00
WASSRS247LUN01SSSNP-prelz2	23:57:06	0.00
WASSRS247LUN01SSSNP-prelz2	23:52:36	0.00
WASSRS247LUN01SSSNP-prelz2	23:52:06	0.00
WASSRS247LUN01SSSNP-prelz2	23:47:36	0.00
WASSRS247LUN01SSSNP-backup	23:57:36	0.00
WASSRS247LUN01SSSNP-backup	23:57:06	0.00
WASSRS247LUN01SSSNP-backup	23:52:36	0.00
WASSRS247LUN01SSSNP-backup	23:52:06	0.00
WASSRS247LUN01SSSNP-backup	23:47:36	0.00
WASSDEVLUN01	23:57:36	0.00
WASSDEVLUN01	23:57:06	0.00
WASSDEVLUN01	23:52:36	0.00
WASSDEVLUN01	23:52:06	0.00
WASSDEVLUN01	23:47:36	0.00
WASSB247GLUN02	23:57:36	0.00
WASSB247GLUN02	23:57:06	0.00
WASSB247GLUN02	23:52:36	0.00
WASSB247GLUN02	23:52:06	0.00
WASSB247GLUN02	23:47:36	0.00
WASSB247GLUN01	23:57:36	0.00
WASSB247GLUN01	23:57:06	0.00
WASSB247GLUN01	23:52:36	0.00
WASSB247GLUN01	23:52:06	0.00
WASSB247GLUN01	23:47:36	0.00
TSQLMITLOAD1LUN01	23:57:36	0.00
TSQLMITLOAD1LUN01	23:57:06	0.00
TSQLMITLOAD1LUN01	23:52:36	0.00
TSQLMITLOAD1LUN01	23:52:06	0.00
TSQLMITLOAD1LUN01	23:47:36	0.00
TSQLGIANTLA1LUN01	23:57:36	0.00
TSQLGIANTLA1LUN01	23:57:06	0.00
TSQLGIANTLA1LUN01	23:52:36	0.00
TSQLGIANTLA1LUN01	23:52:06	0.00
TSQLGIANTLA1LUN01	23:47:36	0.00
TSQLGIANT4LUN03	23:57:36	0.00
TSQLGIANT4LUN03	23:57:06	0.00
TSQLGIANT4LUN03	23:52:36	0.00
TSQLGIANT4LUN03	23:52:06	0.00
TSQLGIANT4LUN03	23:47:36	0.00
TSQLGIANT4LUN02	23:57:36	0.00
TSQLGIANT4LUN02	23:57:06	0.00
TSQLGIANT4LUN02	23:52:36	0.00
TSQLGIANT4LUN02	23:52:06	0.00
TSQLGIANT4LUN02	23:47:36	0.00
SRMWDPRDLUN03	23:57:36	0.00
SRMWDPRDLUN03	23:57:06	0.00
SRMWDPRDLUN03	23:52:36	0.00
SRMWDPRDLUN03	23:52:06	0.00
SRMWDPRDLUN03	23:47:36	0.00
SRMWDPRDLUN02	23:57:36	0.00
SRMWDPRDLUN02	23:57:06	0.00
SRMWDPRDLUN02	23:52:36	0.00
SRMWDPRDLUN02	23:52:06	0.00
SRMWDPRDLUN02	23:47:36	0.00
SRMWDPRDLUN01	23:57:36	0.00
SRMWDPRDLUN01	23:57:06	0.00
SRMWDPRDLUN01	23:52:36	0.00
SRMWDPRDLUN01	23:52:06	0.00
SRMWDPRDLUN01	23:47:36	0.00
SRMPIDBPRDLUN02	23:57:36	0.00
SRMPIDBPRDLUN02	23:57:06	0.00
SRMPIDBPRDLUN02	23:52:36	0.00
SRMPIDBPRDLUN02	23:52:06	0.00
SRMPIDBPRDLUN02	23:47:36	0.00
SRMPIDBPRDLUN01	23:57:36	0.00
SRMPIDBPRDLUN01	23:57:06	0.00
SRMPIDBPRDLUN01	23:52:36	0.00
SRMPIDBPRDLUN01	23:52:06	0.00
SRMPIDBPRDLUN01	23:47:36	0.00
SRMJMPRDLUN03	23:57:36	0.00
SRMJMPRDLUN03	23:57:06	0.00
SRMJMPRDLUN03	23:52:36	0.00
SRMJMPRDLUN03	23:52:06	0.00
SRMJMPRDLUN03	23:47:36	0.00
SRMJMPRDLUN02	23:57:36	0.00
SRMJMPRDLUN02	23:57:06	0.00
SRMJMPRDLUN02	23:52:36	0.00
SRMJMPRDLUN02	23:52:06	0.00
SRMJMPRDLUN02	23:47:36	0.00
SRMJMPRDLUN01	23:57:36	0.00
SRMJMPRDLUN01	23:57:06	0.00
SRMJMPRDLUN01	23:52:36	0.00
SRMJMPRDLUN01	23:52:06	0.00
SRMJMPRDLUN01	23:47:36	0.00
SRMEPICPRDLZ1LUN03	23:57:36	0.00
SRMEPICPRDLZ1LUN03	23:57:06	0.00
SRMEPICPRDLZ1LUN03	23:52:36	0.00
SRMEPICPRDLZ1LUN03	23:52:06	0.00
SRMEPICPRDLZ1LUN03	23:47:36	0.00
SRMEPICPRDLZ1LUN02	23:57:36	0.00
SRMEPICPRDLZ1LUN02	23:57:06	0.00
SRMEPICPRDLZ1LUN02	23:52:36	0.00
SRMEPICPRDLZ1LUN02	23:52:06	0.00
SRMEPICPRDLZ1LUN02	23:47:36	0.00
SRMEPICPRDLZ1LUN01	23:57:36	0.00
SRMEPICPRDLZ1LUN01	23:57:06	0.00
SRMEPICPRDLZ1LUN01	23:52:36	0.00
SRMEPICPRDLZ1LUN01	23:52:06	0.00
SRMEPICPRDLZ1LUN01	23:47:36	0.00
SRMEPAPPRDLUN02	23:57:36	0.00
SRMEPAPPRDLUN02	23:57:06	0.00
SRMEPAPPRDLUN02	23:52:36	0.00
SRMEPAPPRDLUN02	23:52:06	0.00
SRMEPAPPRDLUN02	23:47:36	0.00
SRMEPAPPRDLUN01	23:57:36	0.00
SRMEPAPPRDLUN01	23:57:06	0.00
SRMEPAPPRDLUN01	23:52:36	0.00
SRMEPAPPRDLUN01	23:52:06	0.00
SRMEPAPPRDLUN01	23:47:36	0.00
SRMEDBPRDLUN03	23:57:36	0.00
SRMEDBPRDLUN03	23:57:06	0.00
SRMEDBPRDLUN03	23:52:36	0.00
SRMEDBPRDLUN03	23:52:06	0.00
SRMEDBPRDLUN03	23:47:36	0.00
SRMEDBPRDLUN02	23:57:36	0.00
SRMEDBPRDLUN02	23:57:06	0.00
SRMEDBPRDLUN02	23:52:36	0.00
SRMEDBPRDLUN02	23:52:06	0.00
SRMEDBPRDLUN02	23:47:36	0.00
SRMEDBPRDLUN01	23:57:36	0.00
SRMEDBPRDLUN01	23:57:06	0.00
SRMEDBPRDLUN01	23:52:36	0.00
SRMEDBPRDLUN01	23:52:06	0.00
SRMEDBPRDLUN01	23:47:36	0.00
SRMAPPRDLZ1LUN02	23:57:36	0.00
SRMAPPRDLZ1LUN02	23:57:06	0.00
SRMAPPRDLZ1LUN02	23:52:36	0.00
SRMAPPRDLZ1LUN02	23:52:06	0.00
SRMAPPRDLZ1LUN02	23:47:36	0.00
SRMAPPRDLZ1LUN01	23:57:36	0.00
SRMAPPRDLZ1LUN01	23:57:06	0.00
SRMAPPRDLZ1LUN01	23:52:36	0.00
SRMAPPRDLZ1LUN01	23:52:06	0.00
SRMAPPRDLZ1LUN01	23:47:36	0.00
SRMAPPRDLUN02	23:57:36	0.00
SRMAPPRDLUN02	23:57:06	0.00
SRMAPPRDLUN02	23:52:36	0.00
SRMAPPRDLUN02	23:52:06	0.00
SRMAPPRDLUN02	23:47:36	0.00
SRMAPPRDLUN01	23:57:36	0.00
SRMAPPRDLUN01	23:57:06	0.00
SRMAPPRDLUN01	23:52:36	0.00
SRMAPPRDLUN01	23:52:06	0.00
SRMAPPRDLUN01	23:47:36	0.00
SRMAAPRDLZ1LUN02	23:57:36	0.00
SRMAAPRDLZ1LUN02	23:57:06	0.00
SRMAAPRDLZ1LUN02	23:52:36	0.00
SRMAAPRDLZ1LUN02	23:52:06	0.00
SRMAAPRDLZ1LUN02	23:47:36	0.00
SRMAAPRDLZ1LUN01	23:57:36	0.00
SRMAAPRDLZ1LUN01	23:57:06	0.00
SRMAAPRDLZ1LUN01	23:52:36	0.00
SRMAAPRDLZ1LUN01	23:52:06	0.00
SRMAAPRDLZ1LUN01	23:47:36	0.00
SQLEN1LUN02	23:57:36	0.00
SQLEN1LUN02	23:57:06	0.00
SQLEN1LUN02	23:52:36	0.00
SQLEN1LUN02	23:52:06	0.00
SQLEN1LUN02	23:47:36	0.00
SLMPRDGZLUN02	23:57:36	0.00
SLMPRDGZLUN02	23:57:06	0.00
SLMPRDGZLUN02	23:52:36	0.00
SLMPRDGZLUN02	23:52:06	0.00
SLMPRDGZLUN02	23:47:36	0.00
SLMPRDGZLUN01	23:57:36	0.00
SLMPRDGZLUN01	23:57:06	0.00
SLMPRDGZLUN01	23:52:36	0.00
SLMPRDGZLUN01	23:52:06	0.00
SLMPRDGZLUN01	23:47:36	0.00
SGRCPRDGLUN02	23:57:36	0.00
SGRCPRDGLUN02	23:57:06	0.00
SGRCPRDGLUN02	23:52:36	0.00
SGRCPRDGLUN02	23:52:06	0.00
SGRCPRDGLUN02	23:47:36	0.00
SGRCPRDGLUN01	23:57:36	0.00
SGRCPRDGLUN01	23:57:06	0.00
SGRCPRDGLUN01	23:52:36	0.00
SGRCPRDGLUN01	23:52:06	0.00
SGRCPRDGLUN01	23:47:36	0.00
SEN3TESTLUN01	23:57:36	0.00
SEN3TESTLUN01	23:57:06	0.00
SEN3TESTLUN01	23:52:36	0.00
SEN3TESTLUN01	23:52:06	0.00
SEN3TESTLUN01	23:47:36	0.00
SEN3TEST9	23:57:36	0.00
SEN3TEST9	23:57:06	0.00
SEN3TEST9	23:52:36	0.00
SEN3TEST9	23:52:06	0.00
SEN3TEST9	23:47:36	0.00
SEN3TEST13	23:57:36	0.00
SEN3TEST13	23:57:06	0.00
SEN3TEST13	23:52:36	0.00
SEN3TEST13	23:52:06	0.00
SEN3TEST13	23:47:36	0.00
SBLCL3LUN05	23:57:36	0.00
SBLCL3LUN05	23:57:06	0.00
SBLCL3LUN05	23:52:36	0.00
SBLCL3LUN05	23:52:06	0.00
SBLCL3LUN05	23:47:36	0.00
SAPPRDBWLUN02	23:57:36	0.00
SAPPRDBWLUN02	23:57:06	0.00
SAPPRDBWLUN02	23:52:36	0.00
SAPPRDBWLUN02	23:52:06	0.00
SAPPRDBWLUN02	23:47:36	0.00
SAPPRDBWLUN01	23:57:36	0.00
SAPPRDBWLUN01	23:57:06	0.00
SAPPRDBWLUN01	23:52:36	0.00
SAPPRDBWLUN01	23:52:06	0.00
SAPPRDBWLUN01	23:47:36	0.00
RETPRDIOGZ1LUN01	23:57:36	0.00
RETPRDIOGZ1LUN01	23:57:06	0.00
RETPRDIOGZ1LUN01	23:52:36	0.00
RETPRDIOGZ1LUN01	23:52:06	0.00
RETPRDIOGZ1LUN01	23:47:36	0.00
PSQLGVPKF1LUN04	23:57:36	0.00
PSQLGVPKF1LUN04	23:57:06	0.00
PSQLGVPKF1LUN04	23:52:36	0.00
PSQLGVPKF1LUN04	23:52:06	0.00
PSQLGVPKF1LUN04	23:47:36	0.00
PSQLGVPKF1LUN03	23:57:36	0.00
PSQLGVPKF1LUN03	23:57:06	0.00
PSQLGVPKF1LUN03	23:52:36	0.00
PSQLGVPKF1LUN03	23:52:06	0.00
PSQLGVPKF1LUN03	23:47:36	0.00
PSQLGIANTCL4LUN06	23:57:36	0.00
PSQLGIANTCL4LUN06	23:57:06	0.00
PSQLGIANTCL4LUN06	23:52:36	0.00
PSQLGIANTCL4LUN06	23:52:06	0.00
PSQLGIANTCL4LUN06	23:47:36	0.00
PSQLGIANTCL4LUN04	23:57:36	0.00
PSQLGIANTCL4LUN04	23:57:06	0.00
PSQLGIANTCL4LUN04	23:52:36	0.00
PSQLGIANTCL4LUN04	23:52:06	0.00
PSQLGIANTCL4LUN04	23:47:36	0.00
PSQLGIANTCL4LUN03	23:57:36	0.00
PSQLGIANTCL4LUN03	23:57:06	0.00
PSQLGIANTCL4LUN03	23:52:36	0.00
PSQLGIANTCL4LUN03	23:52:06	0.00
PSQLGIANTCL4LUN03	23:47:36	0.00
PSQLGIANT3-4LUN06	23:57:36	0.00
PSQLGIANT3-4LUN06	23:57:06	0.00
PSQLGIANT3-4LUN06	23:52:36	0.00
PSQLGIANT3-4LUN06	23:52:06	0.00
PSQLGIANT3-4LUN06	23:47:36	0.00
PSQLGDDS1LUN04	23:57:36	0.00
PSQLGDDS1LUN04	23:57:06	0.00
PSQLGDDS1LUN04	23:52:36	0.00
PSQLCPR2LUN01	23:57:36	0.00
PSQLCPR2LUN01	23:57:06	0.00
PSQLCPR2LUN01	23:52:36	0.00
PSQLCPR2LUN01	23:52:06	0.00
PSQLCPR2LUN01	23:47:36	0.00
PSQLCPR2ALUN01	23:57:36	0.00
PSQLCPR2ALUN01	23:57:06	0.00
PSQLCPR2ALUN01	23:52:36	0.00
PSQLCPR2ALUN01	23:52:06	0.00
PSQLCPR2ALUN01	23:47:36	0.00
PSQLCPR1ALUN02	23:57:36	0.00
PSQLCPR1ALUN02	23:57:06	0.00
PSQLCPR1ALUN02	23:52:36	0.00
PSQLCPR1ALUN02	23:52:06	0.00
PSQLCPR1ALUN02	23:47:36	0.00
PSQLCPR1ALUN01	23:57:36	0.00
PSQLCPR1ALUN01	23:57:06	0.00
PSQLCPR1ALUN01	23:52:36	0.00
PSQLCPR1ALUN01	23:52:06	0.00
PSQLCPR1ALUN01	23:47:36	0.00
PSQLBI1V2LUN04	23:57:36	0.00
PSQLBI1V2LUN04	23:57:06	0.00
PSQLBI1V2LUN04	23:52:36	0.00
PSQLBI1V2LUN04	23:52:06	0.00
PSQLBI1V2LUN04	23:47:36	0.00
PPSQLGTACT1LUN01	23:57:36	0.00
PPSQLGTACT1LUN01	23:57:06	0.00
PPSQLGTACT1LUN01	23:52:36	0.00
PPSQLGTACT1LUN01	23:52:06	0.00
PPSQLGTACT1LUN01	23:47:36	0.00
POCSQL6LUN01	23:57:36	0.00
POCSQL6LUN01	23:57:06	0.00
POCSQL6LUN01	23:52:36	0.00
POCSQL6LUN01	23:52:06	0.00
POCSQL6LUN01	23:47:36	0.00
POC-BACKUP-1LUN01	23:57:36	0.00
POC-BACKUP-1LUN01	23:57:06	0.00
POC-BACKUP-1LUN01	23:52:36	0.00
POC-BACKUP-1LUN01	23:52:06	0.00
POC-BACKUP-1LUN01	23:47:36	0.00
PMDZCL1LUN02	23:57:36	0.00
PMDZCL1LUN02	23:57:06	0.00
PMDZCL1LUN02	23:52:36	0.00
PMDZCL1LUN02	23:52:06	0.00
PMDZCL1LUN02	23:47:36	0.00
OASIPRODLUN05	23:57:36	0.00
OASIPRODLUN05	23:57:06	0.00
OASIPRODLUN05	23:52:36	0.00
OASIPRODLUN05	23:52:06	0.00
OASIPRODLUN05	23:47:36	0.00
OASIPRODLUN04	23:57:36	0.00
OASIPRODLUN04	23:57:06	0.00
OASIPRODLUN04	23:52:36	0.00
OASIPRODLUN04	23:52:06	0.00
OASIPRODLUN04	23:47:36	0.00
OASIPRODLUN03	23:57:36	0.00
OASIPRODLUN03	23:57:06	0.00
OASIPRODLUN03	23:52:36	0.00
OASIPRODLUN03	23:52:06	0.00
OASIPRODLUN03	23:47:36	0.00
OASIPRODLUN02	23:57:36	0.00
OASIPRODLUN02	23:57:06	0.00
OASIPRODLUN02	23:52:36	0.00
OASIPRODLUN02	23:52:06	0.00
OASIPRODLUN02	23:47:36	0.00
OASIPRODLUN01	23:57:36	0.00
OASIPRODLUN01	23:57:06	0.00
OASIPRODLUN01	23:52:36	0.00
OASIPRODLUN01	23:52:06	0.00
OASIPRODLUN01	23:47:36	0.00
OASIDEVZFSLUN01	23:57:36	0.00
OASIDEVZFSLUN01	23:57:06	0.00
OASIDEVZFSLUN01	23:52:36	0.00
OASIDEVZFSLUN01	23:52:06	0.00
OASIDEVZFSLUN01	23:47:36	0.00
LIBQA2OSLUN04	23:57:36	0.00
LIBQA2OSLUN04	23:57:06	0.00
LIBQA2OSLUN04	23:52:36	0.00
LIBQA2OSLUN04	23:52:06	0.00
LIBQA2OSLUN04	23:47:36	0.00
LIBQA2OSLUN03	23:57:36	0.00
LIBQA2OSLUN03	23:57:06	0.00
LIBQA2OSLUN03	23:52:36	0.00
LIBQA2OSLUN03	23:52:06	0.00
LIBQA2OSLUN03	23:47:36	0.00
LABSAN1LUN01	23:57:36	0.00
LABSAN1LUN01	23:57:06	0.00
LABSAN1LUN01	23:52:36	0.00
LABSAN1LUN01	23:52:06	0.00
LABSAN1LUN01	23:47:36	0.00
IIBQAGZLUN002	23:57:36	0.00
IIBQAGZLUN002	23:57:06	0.00
IIBQAGZLUN002	23:52:36	0.00
IIBQAGZLUN002	23:52:06	0.00
IIBQAGZLUN002	23:47:36	0.00
IIBQA1LUN003	23:57:36	0.00
IIBQA1LUN003	23:57:06	0.00
IIBQA1LUN003	23:52:36	0.00
IIBQA1LUN003	23:52:06	0.00
IIBQA1LUN003	23:47:36	0.00
IIBPRDGZLUN002	23:57:36	0.00
IIBPRDGZLUN002	23:57:06	0.00
IIBPRDGZLUN002	23:52:36	0.00
IIBPRDGZLUN002	23:52:06	0.00
IIBPRDGZLUN002	23:47:36	0.00
IIBPRD1LZ1LUN02	23:57:36	0.00
IIBPRD1LZ1LUN02	23:57:06	0.00
IIBPRD1LZ1LUN02	23:52:36	0.00
IIBPRD1LZ1LUN02	23:52:06	0.00
IIBPRD1LZ1LUN02	23:47:36	0.00
IIBPRD1LZ1LUN01	23:57:36	0.00
IIBPRD1LZ1LUN01	23:57:06	0.00
IIBPRD1LZ1LUN01	23:52:36	0.00
IIBPRD1LZ1LUN01	23:52:06	0.00
IIBPRD1LZ1LUN01	23:47:36	0.00
IIBPRD1LUN004	23:57:36	0.00
IIBPRD1LUN004	23:57:06	0.00
IIBPRD1LUN004	23:52:36	0.00
IIBPRD1LUN004	23:52:06	0.00
IIBPRD1LUN004	23:47:36	0.00
HOST5TEST1	23:57:36	0.00
HOST5TEST1	23:57:06	0.00
HOST5TEST1	23:52:36	0.00
HOST5TEST1	23:52:06	0.00
HOST5TEST1	23:47:36	0.00
FSCDPRDOSLUN02	23:57:36	0.00
FSCDPRDOSLUN02	23:57:06	0.00
FSCDPRDOSLUN02	23:52:36	0.00
FSCDPRDOSLUN02	23:52:06	0.00
FSCDPRDOSLUN02	23:47:36	0.00
FSCDPRDOSLUN01	23:57:36	0.00
FSCDPRDOSLUN01	23:57:06	0.00
FSCDPRDOSLUN01	23:52:36	0.00
FSCDPRDOSLUN01	23:52:06	0.00
FSCDPRDOSLUN01	23:47:36	0.00
DSQLRSCRMLUN01	23:57:36	0.00
DSQLRSCRMLUN01	23:57:06	0.00
DSQLRSCRMLUN01	23:52:36	0.00
DSQLRSCRMLUN01	23:52:06	0.00
DSQLRSCRMLUN01	23:47:36	0.00
DSQLIMCPR1LUN04	23:57:36	0.00
DSQLIMCPR1LUN04	23:57:06	0.00
DSQLIMCPR1LUN04	23:52:36	0.00
DSQLIMCPR1LUN04	23:52:06	0.00
DSQLIMCPR1LUN04	23:47:36	0.00
DSQLIMCPR1LUN03	23:57:36	0.00
DSQLIMCPR1LUN03	23:57:06	0.00
DSQLIMCPR1LUN03	23:52:36	0.00
DSQLIMCPR1LUN03	23:52:06	0.00
DSQLIMCPR1LUN03	23:47:36	0.00
DSQLIMCPR1LUN02	23:57:36	0.00
DSQLIMCPR1LUN02	23:57:06	0.00
DSQLIMCPR1LUN02	23:52:36	0.00
DSQLIMCPR1LUN02	23:52:06	0.00
DSQLIMCPR1LUN02	23:47:36	0.00
DSQLIMCPR1LUN01	23:57:36	0.00
DSQLIMCPR1LUN01	23:57:06	0.00
DSQLIMCPR1LUN01	23:52:36	0.00
DSQLIMCPR1LUN01	23:52:06	0.00
DSQLIMCPR1LUN01	23:47:36	0.00
DSQLGXKF1LUN01	23:57:36	0.00
DSQLGXKF1LUN01	23:57:06	0.00
DSQLGXKF1LUN01	23:52:36	0.00
DSQLGXKF1LUN01	23:52:06	0.00
DSQLGXKF1LUN01	23:47:36	0.00
DSQLGIANTLUN01	23:57:36	0.00
DSQLGIANTLUN01	23:57:06	0.00
DSQLGIANTLUN01	23:52:36	0.00
DSQLGIANTLUN01	23:52:06	0.00
DSQLGIANTLUN01	23:47:36	0.00
DSQLCRMLUN01	23:57:36	0.00
DSQLCRMLUN01	23:57:06	0.00
DSQLCRMLUN01	23:52:36	0.00
DSQLCRMLUN01	23:52:06	0.00
DSQLCRMLUN01	23:47:36	0.00
DSQLCPR2LUN01	23:57:36	0.00
DSQLCPR2LUN01	23:57:06	0.00
DGIANT4LUN003	23:57:36	0.00
DGIANT4LUN003	23:57:06	0.00
DGIANT4LUN003	23:52:36	0.00
DGIANT4LUN003	23:52:06	0.00
DGIANT4LUN003	23:47:36	0.00
DB2SRSZFSLUN03	23:57:36	0.00
DB2SRSZFSLUN03	23:57:06	0.00
DB2SRSZFSLUN03	23:52:36	0.00
DB2SRSZFSLUN03	23:52:06	0.00
DB2SRSZFSLUN03	23:47:36	0.00
DB2SRSZFSLUN02	23:57:36	0.00
DB2SRSZFSLUN02	23:57:06	0.00
DB2SRSZFSLUN02	23:52:36	0.00
DB2SRSZFSLUN02	23:52:06	0.00
DB2SRSZFSLUN02	23:47:36	0.00
DB2SRSZFSLUN01	23:57:36	0.00
DB2SRSZFSLUN01	23:57:06	0.00
DB2SRSZFSLUN01	23:52:36	0.00
DB2SRSZFSLUN01	23:52:06	0.00
DB2SRSZFSLUN01	23:47:36	0.00
DB2SRSQALZ4LUN01	23:57:36	0.00
DB2SRSQALZ4LUN01	23:57:06	0.00
DB2SRSQALZ4LUN01	23:52:36	0.00
DB2SRSQALZ4LUN01	23:52:06	0.00
DB2SRSQALZ4LUN01	23:47:36	0.00
DB2SRSQALZ2LUN01	23:57:36	0.00
DB2SRSQALZ2LUN01	23:57:06	0.00
DB2SRSQALZ2LUN01	23:52:36	0.00
DB2SRSQALZ2LUN01	23:52:06	0.00
DB2SRSQALZ2LUN01	23:47:36	0.00
DB2SRSQALZ1LUN01	23:57:36	0.00
DB2SRSQALZ1LUN01	23:57:06	0.00
DB2SRSQALZ1LUN01	23:52:36	0.00
DB2SRSQALZ1LUN01	23:52:06	0.00
DB2SRSQALZ1LUN01	23:47:36	0.00
DB2SRSPRDLZ1LUN01SSSNP-qalz4	23:57:36	0.00
DB2SRSPRDLZ1LUN01SSSNP-qalz4	23:57:06	0.00
DB2SRSPRDLZ1LUN01SSSNP-qalz4	23:52:36	0.00
DB2SRSPRDLZ1LUN01SSSNP-qalz4	23:52:06	0.00
DB2SRSPRDLZ1LUN01SSSNP-qalz4	23:47:36	0.00
DB2SRSPRDLZ1LUN01SSSNP-qalz3	23:57:36	0.00
DB2SRSPRDLZ1LUN01SSSNP-qalz3	23:57:06	0.00
DB2SRSPRDLZ1LUN01SSSNP-qalz3	23:52:36	0.00
DB2SRSPRDLZ1LUN01SSSNP-qalz3	23:52:06	0.00
DB2SRSPRDLZ1LUN01SSSNP-qalz3	23:47:36	0.00
DB2SRSPRDLZ1LUN01SSSNP-qalz2	23:57:36	0.00
DB2SRSPRDLZ1LUN01SSSNP-qalz2	23:57:06	0.00
DB2SRSPRDLZ1LUN01SSSNP-qalz2	23:52:36	0.00
DB2SRSPRDLZ1LUN01SSSNP-qalz2	23:52:06	0.00
DB2SRSPRDLZ1LUN01SSSNP-qalz2	23:47:36	0.00
DB2SRSPRDLZ1LUN01SSSNP-qalz1	23:57:36	0.00
DB2SRSPRDLZ1LUN01SSSNP-qalz1	23:57:06	0.00
DB2SRSPRDLZ1LUN01SSSNP-qalz1	23:52:36	0.00
DB2SRSPRDLZ1LUN01SSSNP-qalz1	23:52:06	0.00
DB2SRSPRDLZ1LUN01SSSNP-qalz1	23:47:36	0.00
DB2SRSPRDLZ1LUN01SSSNP-prelz2	23:57:36	0.00
DB2SRSPRDLZ1LUN01SSSNP-prelz2	23:57:06	0.00
DB2SRSPRDLZ1LUN01SSSNP-prelz2	23:52:36	0.00
DB2SRSPRDLZ1LUN01SSSNP-prelz2	23:52:06	0.00
DB2SRSPRDLZ1LUN01SSSNP-prelz2	23:47:36	0.00
DB2SRSPRDLZ1LUN01SSSNP-prelz1	23:57:36	0.00
DB2SRSPRDLZ1LUN01SSSNP-prelz1	23:57:06	0.00
DB2SRSPRDLZ1LUN01SSSNP-prelz1	23:52:36	0.00
DB2SRSPRDLZ1LUN01SSSNP-prelz1	23:52:06	0.00
DB2SRSPRDLZ1LUN01SSSNP-prelz1	23:47:36	0.00
DB2SRSPRDLZ1LUN01SSSNP-prdlz2	23:57:36	0.00
DB2SRSPRDLZ1LUN01SSSNP-prdlz2	23:57:06	0.00
DB2SRSPRDLZ1LUN01SSSNP-devlz3	23:57:36	0.00
DB2SRSPRDLZ1LUN01SSSNP-devlz3	23:57:06	0.00
DB2SRSPRDLZ1LUN01SSSNP-devlz3	23:52:36	0.00
DB2SRSPRDLZ1LUN01SSSNP-devlz3	23:52:06	0.00
DB2SRSPRDLZ1LUN01SSSNP-devlz3	23:47:36	0.00
DB2SRSPRDLZ1LUN01SSSNP-devlz1	23:57:36	0.00
DB2SRSPRDLZ1LUN01SSSNP-devlz1	23:57:06	0.00
DB2SRSPRDLZ1LUN01SSSNP-devlz1	23:52:36	0.00
DB2SRSPRDLZ1LUN01SSSNP-devlz1	23:52:06	0.00
DB2SRSPRDLZ1LUN01SSSNP-devlz1	23:47:36	0.00
DB2SRSPRDLZ1LUN01SSSNP-db2srsdevlz2	23:57:36	0.00
DB2SRSPRDLZ1LUN01SSSNP-db2srsdevlz2	23:57:06	0.00
DB2SRSPRDLZ1LUN01SSSNP-db2srsdevlz2	23:52:36	0.00
DB2SRSPRDLZ1LUN01SSSNP-db2srsdevlz2	23:52:06	0.00
DB2SRSPRDLZ1LUN01SSSNP-db2srsdevlz2	23:47:36	0.00
DB2SRSPRDLZ1LUN01SSSNP-backup	23:57:36	0.00
DB2SRSPRDLZ1LUN01SSSNP-backup	23:57:06	0.00
DB2SRSPRDLZ1LUN01SSSNP-backup	23:52:36	0.00
DB2SRSPRDLZ1LUN01	23:57:36	0.00
DB2SRSPRDLZ1LUN01	23:57:06	0.00
DB2SRSPRDLZ1LUN01	23:52:36	0.00
DB2SRSPRDLZ1LUN01	23:52:06	0.00
DB2SRSPRDLZ1LUN01	23:47:36	0.00
DB2SRSPRDLUN02	23:57:36	0.00
DB2SRSPRDLUN02	23:57:06	0.00
DB2SRSPRDLUN02	23:52:36	0.00
DB2SRSPRDLUN02	23:52:06	0.00
DB2SRSPRDLUN02	23:47:36	0.00
DB2SRSPRDLUN01SSSNP-wassrsgz1	23:57:36	0.00
DB2SRSPRDLUN01SSSNP-wassrsgz1	23:57:06	0.00
DB2SRSPRDLUN01SSSNP-wassrsgz1	23:52:36	0.00
DB2SRSPRDLUN01SSSNP-wassrsgz1	23:52:06	0.00
DB2SRSPRDLUN01SSSNP-wassrsgz1	23:47:36	0.00
DB2SRSPRD2LUN01SSSNP-qalz2	23:57:36	0.00
DB2SRSPRD2LUN01SSSNP-qalz2	23:57:06	0.00
DB2SRSPRD2LUN01SSSNP-qalz2	23:52:36	0.00
DB2SRSPRD2LUN01SSSNP-qalz2	23:52:06	0.00
DB2SRSPRD2LUN01SSSNP-qalz2	23:47:36	0.00
DB2SRSPRD2LUN01SSSNP-prelz2	23:57:36	0.00
DB2SRSPRD2LUN01SSSNP-prelz2	23:57:06	0.00
DB2SRSPRD2LUN01SSSNP-prelz2	23:52:36	0.00
DB2SRSPRD2LUN01SSSNP-prelz2	23:52:06	0.00
DB2SRSPRD2LUN01SSSNP-prelz2	23:47:36	0.00
DB2SRSPRD2LUN01SSSNP-backup	23:57:36	0.00
DB2SRSPRD2LUN01SSSNP-backup	23:57:06	0.00
DB2SRSPRD2LUN01SSSNP-backup	23:52:36	0.00
DB2SRSPRD2LUN01SSSNP-backup	23:52:06	0.00
DB2SRSPRD2LUN01SSSNP-backup	23:47:36	0.00
DB2SRSDEVLZ3LUN01	23:57:36	0.00
DB2SRSDEVLZ3LUN01	23:57:06	0.00
DB2SRSDEVLZ3LUN01	23:52:36	0.00
DB2SRSDEVLZ3LUN01	23:52:06	0.00
DB2SRSDEVLZ3LUN01	23:47:36	0.00
DB2SRSDEVLZ2LUN01	23:57:36	0.00
DB2SRSDEVLZ2LUN01	23:57:06	0.00
DB2SRSDEVLZ2LUN01	23:52:36	0.00
DB2SRSDEVLZ2LUN01	23:52:06	0.00
DB2SRSDEVLZ2LUN01	23:47:36	0.00
DB2SRSDEVLZ1LUN01	23:57:36	0.00
DB2SRSDEVLZ1LUN01	23:57:06	0.00
DB2SRSDEVLZ1LUN01	23:52:36	0.00
DB2SRSDEVLZ1LUN01	23:52:06	0.00
DB2SRSDEVLZ1LUN01	23:47:36	0.00
DB2SRSDEVLZ1LUN007	23:57:36	0.00
DB2SRSDEVLZ1LUN007	23:57:06	0.00
DB2SRSDEVLZ1LUN007	23:52:36	0.00
DB2SRSDEVLZ1LUN007	23:52:06	0.00
DB2SRSDEVLZ1LUN007	23:47:36	0.00
DB2SRSDEVLZ1LUN006	23:57:36	0.00
DB2SRSDEVLZ1LUN006	23:57:06	0.00
DB2SRSDEVLZ1LUN006	23:52:36	0.00
DB2SRSDEVLZ1LUN006	23:52:06	0.00
DB2SRSDEVLZ1LUN006	23:47:36	0.00
CTRLMSRVDEVLUN09	23:57:36	0.00
CTRLMSRVDEVLUN09	23:57:06	0.00
CTRLMSRVDEVLUN09	23:52:36	0.00
CTRLMSRVDEVLUN09	23:52:06	0.00
CTRLMSRVDEVLUN09	23:47:36	0.00
CTRLMEMPRDLZ1LUN04	23:57:36	0.00
CTRLMEMPRDLZ1LUN04	23:57:06	0.00
CTRLMEMPRDLZ1LUN04	23:52:36	0.00
CTRLMEMPRDLZ1LUN04	23:52:06	0.00
CTRLMEMPRDLZ1LUN04	23:47:36	0.00
CTRLMEMDEVLUN09	23:57:36	0.00
CTRLMEMDEVLUN09	23:57:06	0.00
CTRLMEMDEVLUN09	23:52:36	0.00
CTRLMEMDEVLUN09	23:52:06	0.00
CTRLMEMDEVLUN09	23:47:36	0.00
CMPCTUDCLUN02	23:57:36	0.00
CMPCTUDCLUN02	23:57:06	0.00
CMPCTUDCLUN02	23:52:36	0.00
CMPCTUDCLUN02	23:52:06	0.00
CMPCTUDCLUN02	23:47:36	0.00
CALPRELZ1LUN02	23:57:36	0.00
CALPRELZ1LUN02	23:57:06	0.00
CALPRELZ1LUN02	23:52:36	0.00
CALPRELZ1LUN02	23:52:06	0.00
CALPRELZ1LUN02	23:47:36	0.00
CALPRDLZ2LUN02	23:57:36	0.00
CALPRDLZ2LUN02	23:57:06	0.00
CALPRDLZ2LUN02	23:52:36	0.00
CALPRDLZ2LUN02	23:52:06	0.00
CALPRDLZ2LUN02	23:47:36	0.00
CALPRDLZ2LUN01	23:57:36	0.00
CALPRDLZ2LUN01	23:57:06	0.00
CALPRDLZ2LUN01	23:52:36	0.00
CALPRDLZ2LUN01	23:52:06	0.00
CALPRDLZ2LUN01	23:47:36	0.00
CALPRDLZ1LUN01SSSNP-backup	23:57:36	0.00
CALPRDLZ1LUN01SSSNP-backup	23:57:06	0.00
CALPRDLZ1LUN01SSSNP-backup	23:52:36	0.00
CALPRDLZ1LUN01SSSNP-backup	23:52:06	0.00
CALPRDLZ1LUN01SSSNP-backup	23:47:36	0.00
CALOPTLZ2LUN001_RECOVER	23:57:36	0.00
CALOPTLZ2LUN001_RECOVER	23:57:06	0.00
CALOPTLZ2LUN001_RECOVER	23:52:36	0.00
CALOPTLZ2LUN001_RECOVER	23:52:06	0.00
CALOPTLZ2LUN001_RECOVER	23:47:36	0.00
AUDITIQPRDLZLUN02	23:57:36	0.00
AUDITIQPRDLZLUN02	23:57:06	0.00
AUDITIQPRDLZLUN02	23:52:36	0.00
AUDITIQPRDLZLUN02	23:52:06	0.00
AUDITIQPRDLZLUN02	23:47:36	0.00
AUDITIQPRDLZLUN01	23:57:36	0.00
AUDITIQPRDLZLUN01	23:57:06	0.00
AUDITIQPRDLZLUN01	23:52:36	0.00
AUDITIQPRDLZLUN01	23:52:06	0.00
AUDITIQPRDLZLUN01	23:47:36	0.00
AUDITIQPRDLUN04	23:57:36	0.00
AUDITIQPRDLUN04	23:57:06	0.00
AUDITIQPRDLUN04	23:52:36	0.00
AUDITIQPRDLUN04	23:52:06	0.00
AUDITIQPRDLUN04	23:47:36	0.00
AUDITIQPRDLUN03	23:57:36	0.00
AUDITIQPRDLUN03	23:57:06	0.00
AUDITIQPRDLUN03	23:52:36	0.00
AUDITIQPRDLUN03	23:52:06	0.00
AUDITIQPRDLUN03	23:47:36	0.00
